"Sale_Price","Gr_Liv_Area","Mas_Vnr_Area","Age_Remodel","Bedroom_AbvGr","Total_Bsmt_SF","Garage_Cars","Full_Bath","Fireplaces","Bldg_Type"
215000,1656,112,50,3,1080,2,1,2,"OneFam"
105000,896,0,49,2,882,1,1,0,"OneFam"
172000,1329,108,52,3,1329,1,1,0,"OneFam"
244000,2110,0,42,3,2110,2,2,2,"OneFam"
189900,1629,0,12,3,928,2,2,1,"OneFam"
195500,1604,20,12,3,926,2,2,1,"OneFam"
213500,1338,0,9,2,1338,2,2,0,"TwnhsE"
191500,1280,0,18,2,1280,2,2,0,"TwnhsE"
236500,1616,0,14,2,1595,2,2,1,"TwnhsE"
189000,1804,0,11,3,994,2,2,1,"OneFam"
175900,1655,0,16,3,763,2,2,1,"OneFam"
185000,1187,0,3,3,1168,2,2,0,"OneFam"
180400,1465,0,12,3,789,2,2,1,"OneFam"
171500,1341,0,20,2,1300,2,1,1,"OneFam"
212000,1502,0,25,1,1488,2,1,0,"TwnhsE"
538000,3279,603,7,4,1650,3,3,1,"OneFam"
164000,1752,0,5,4,559,2,2,0,"OneFam"
394432,1856,350,0,1,1856,3,1,1,"OneFam"
141000,864,0,59,2,864,2,1,0,"OneFam"
210000,2073,119,22,3,1542,2,2,2,"OneFam"
190000,1844,480,33,3,1844,2,2,1,"OneFam"
170000,1173,81,36,3,1053,2,2,2,"OneFam"
216000,1674,0,10,3,814,2,2,0,"OneFam"
149000,1004,180,40,2,1004,2,1,1,"OneFam"
149900,1078,0,2,3,1078,2,1,1,"OneFam"
142000,1056,0,42,3,1056,1,1,1,"OneFam"
126000,882,0,40,2,882,2,1,0,"OneFam"
115000,864,0,39,3,864,0,1,1,"OneFam"
184000,1337,0,11,2,1405,2,2,1,"TwnhsE"
96000,987,504,39,2,483,1,1,0,"Twnhs"
105500,1092,492,39,3,525,1,1,0,"Twnhs"
88000,1092,381,39,3,525,1,1,0,"Twnhs"
127500,1069,0,33,2,1069,2,2,1,"TwnhsE"
149900,1456,0,35,3,855,2,2,1,"Twnhs"
120000,836,0,35,2,836,1,1,0,"Twnhs"
146000,1456,0,32,3,855,2,2,1,"Twnhs"
376162,2334,162,0,3,1590,3,2,1,"OneFam"
306000,1704,200,2,3,1704,3,2,1,"OneFam"
395192,1940,450,0,3,1930,3,2,1,"OneFam"
290941,1544,256,0,3,1544,3,2,0,"OneFam"
220000,1541,226,5,3,1541,2,2,1,"OneFam"
275000,1698,615,5,3,1698,3,2,1,"OneFam"
259000,1822,240,4,3,1822,3,2,1,"OneFam"
214000,1535,168,6,3,1517,2,2,0,"OneFam"
611657,2364,760,0,2,2330,3,2,2,"OneFam"
224000,1358,128,0,2,1358,2,2,1,"TwnhsE"
500000,2696,1095,6,3,2846,3,2,2,"OneFam"
320000,2250,232,8,3,1671,3,2,1,"OneFam"
319900,1752,412,5,2,1752,2,2,1,"TwnhsE"
205000,1370,178,4,2,1370,2,2,1,"TwnhsE"
175500,1626,106,7,2,764,2,2,0,"Twnhs"
199500,1324,0,5,3,1324,2,2,0,"OneFam"
160000,1145,14,4,2,1145,2,2,0,"TwnhsE"
192000,1269,16,5,2,1256,2,2,1,"TwnhsE"
184500,1374,0,6,3,384,2,2,1,"OneFam"
216500,1960,0,8,4,860,2,2,2,"OneFam"
185088,1733,0,6,3,847,2,2,1,"OneFam"
180000,1430,0,10,3,384,2,2,1,"OneFam"
222500,2035,180,9,3,884,2,2,1,"OneFam"
333168,2599,165,11,4,1393,3,2,1,"OneFam"
355000,2475,114,12,4,1629,3,2,1,"OneFam"
260400,1720,338,14,3,1720,2,2,1,"OneFam"
325000,2622,362,15,3,1463,2,2,2,"OneFam"
290000,2270,348,3,4,1152,3,2,1,"OneFam"
221000,1839,30,12,4,1195,2,2,0,"OneFam"
410000,3238,579,14,4,2033,3,2,1,"OneFam"
221500,1595,226,4,2,1595,3,2,1,"OneFam"
204500,1218,0,0,2,1218,2,2,0,"OneFam"
215200,1547,0,1,3,756,2,2,0,"OneFam"
262500,1566,36,2,3,1566,2,2,0,"OneFam"
254900,1947,0,5,3,991,2,2,1,"OneFam"
271500,1468,0,5,2,1468,2,2,1,"OneFam"
233000,2084,0,6,4,956,2,2,0,"OneFam"
181000,1659,122,6,3,831,2,2,0,"OneFam"
205000,2110,0,8,3,948,2,2,2,"OneFam"
143000,923,0,30,2,923,1,2,1,"TwnhsE"
189000,1845,0,18,3,1055,2,2,1,"OneFam"
99500,918,0,31,2,918,1,2,1,"TwnhsE"
125000,752,0,26,2,744,1,1,0,"TwnhsE"
194500,1744,0,7,3,996,2,2,0,"OneFam"
152000,1097,0,25,3,1040,2,2,0,"OneFam"
171000,1564,130,29,3,650,2,2,1,"OneFam"
67500,1012,0,60,2,816,1,1,0,"OneFam"
112000,1902,0,32,4,0,2,2,0,"Duplex"
148000,1155,0,15,3,1109,2,1,0,"OneFam"
138500,894,0,1,3,894,1,1,1,"OneFam"
122000,900,31,43,3,882,1,1,0,"OneFam"
133000,1040,0,47,3,1040,1,1,0,"OneFam"
127000,1040,0,0,3,1040,1,1,0,"OneFam"
169000,1494,250,8,3,1208,2,2,2,"OneFam"
190000,1923,0,18,3,750,2,2,1,"OneFam"
362500,2349,504,17,4,1231,3,2,1,"OneFam"
285000,2225,180,17,4,1390,3,2,1,"OneFam"
260000,1488,0,5,2,1488,2,2,1,"TwnhsE"
190000,1680,0,6,2,840,2,2,0,"TwnhsE"
155000,1200,120,6,2,600,2,2,0,"TwnhsE"
151000,1200,0,5,2,600,2,2,0,"TwnhsE"
149500,1200,0,5,2,600,2,2,0,"Twnhs"
152000,1236,216,5,2,600,2,2,0,"Twnhs"
222000,1478,432,1,2,1470,2,2,1,"OneFam"
177500,1573,216,10,3,756,2,2,0,"Twnhs"
177000,1512,1159,10,2,756,2,2,0,"TwnhsE"
155000,1416,0,11,3,696,2,2,0,"Twnhs"
147110,1080,0,7,2,530,2,2,0,"TwnhsE"
267916,1418,0,0,1,1642,3,1,1,"OneFam"
254000,1848,0,10,3,975,2,2,1,"OneFam"
155000,788,0,30,1,728,2,1,1,"TwnhsE"
206000,1226,0,32,1,1226,2,1,1,"Twnhs"
130500,1479,289,5,3,725,2,2,0,"OneFam"
230000,1492,0,8,3,1492,2,2,1,"OneFam"
218500,1829,120,43,4,1829,2,2,0,"OneFam"
243500,2495,0,17,4,1280,2,2,1,"OneFam"
205000,1610,28,9,3,1610,2,2,2,"OneFam"
212500,1891,0,32,3,1224,2,3,1,"OneFam"
196500,1714,42,22,3,980,2,2,1,"OneFam"
197500,1381,0,4,3,1161,2,1,1,"OneFam"
171000,1645,0,39,4,715,2,1,0,"OneFam"
142250,1232,172,44,3,1232,2,1,0,"OneFam"
143000,1328,451,47,3,1328,2,1,2,"OneFam"
128950,1225,0,51,3,950,0,1,0,"OneFam"
159000,1209,0,44,3,1209,2,1,0,"OneFam"
178900,1510,268,43,3,1510,2,2,0,"OneFam"
136300,1775,0,46,3,533,2,2,0,"OneFam"
180500,1152,86,46,3,1152,2,1,1,"OneFam"
137500,1054,156,47,3,936,2,1,0,"OneFam"
84900,1728,144,9,6,1728,0,2,0,"Duplex"
142125,1078,0,14,2,1078,1,1,0,"OneFam"
197600,2461,265,8,3,1140,2,2,2,"OneFam"
172500,1556,340,60,3,782,2,2,1,"OneFam"
116500,858,0,2,2,858,0,1,0,"OneFam"
76500,1306,0,44,3,728,0,1,0,"OneFam"
128000,1063,110,56,3,1056,1,1,0,"OneFam"
153000,1520,164,38,3,1156,1,1,2,"OneFam"
132000,1268,200,56,2,1268,1,1,1,"OneFam"
178000,1128,216,2,2,1080,1,1,1,"OneFam"
154300,2274,361,50,5,1105,2,2,0,"Duplex"
180000,2207,287,21,3,1947,2,2,1,"OneFam"
190000,1888,0,8,2,1517,2,2,1,"OneFam"
135000,1604,0,52,4,1604,2,2,0,"Duplex"
214000,1480,506,1,3,1480,2,2,0,"OneFam"
136000,1143,150,51,3,1143,1,1,0,"OneFam"
165500,1700,0,51,4,1398,2,1,1,"OneFam"
145000,1314,0,53,3,1314,1,1,0,"OneFam"
148000,1194,220,51,3,1194,1,1,0,"OneFam"
142000,1188,180,51,3,1188,2,1,0,"OneFam"
167500,1264,324,50,3,1268,2,1,2,"OneFam"
108538,1206,91,51,3,1206,1,1,0,"OneFam"
159500,1580,432,51,3,1244,2,1,2,"OneFam"
108000,1337,0,54,3,832,1,1,0,"OneFam"
135000,1064,0,58,2,864,1,1,0,"OneFam"
122500,972,0,55,3,972,1,1,0,"OneFam"
119000,988,0,52,2,988,1,1,0,"TwoFmCon"
109000,1057,0,3,3,1057,1,1,0,"OneFam"
105000,985,0,16,2,576,2,1,0,"OneFam"
107500,827,0,3,2,0,1,1,1,"OneFam"
144900,1086,104,7,3,1086,2,1,0,"OneFam"
129000,936,0,10,2,936,1,1,0,"OneFam"
97500,1458,0,60,3,912,1,1,1,"OneFam"
144000,1056,0,30,0,1056,2,0,0,"Duplex"
162000,1287,0,4,3,1063,2,1,1,"OneFam"
242000,2978,300,3,5,710,2,2,1,"OneFam"
132000,1224,0,6,3,816,1,1,0,"OneFam"
154000,1246,0,16,3,1246,1,1,0,"OneFam"
166000,1385,0,58,4,910,2,2,0,"OneFam"
134800,900,0,10,3,900,2,1,0,"OneFam"
160000,1116,261,48,3,1116,2,1,0,"OneFam"
148000,1175,0,50,3,1175,2,1,0,"OneFam"
192000,1395,218,26,2,1395,2,1,1,"OneFam"
155000,1839,351,44,4,756,2,1,1,"OneFam"
80400,1844,771,56,3,709,1,1,2,"OneFam"
96500,1140,0,6,3,576,0,1,0,"OneFam"
109500,936,0,60,2,936,0,1,1,"OneFam"
115000,1028,0,60,2,1008,2,1,1,"OneFam"
143000,1347,0,53,3,1347,2,1,0,"OneFam"
107400,1605,0,60,3,840,1,2,0,"OneFam"
80000,747,0,60,2,747,1,1,0,"OneFam"
119000,804,294,18,2,788,1,1,2,"OneFam"
130000,1316,0,9,3,926,2,1,0,"OneFam"
119000,1251,0,10,3,827,1,1,0,"OneFam"
129000,1633,0,1,3,1027,1,1,1,"OneFam"
100000,1245,0,48,3,1008,1,1,0,"OneFam"
12789,832,0,40,2,678,2,1,1,"OneFam"
105900,720,0,7,2,624,2,1,0,"OneFam"
150000,1566,0,7,3,930,1,2,0,"OneFam"
139000,1652,0,60,4,686,1,2,0,"OneFam"
240000,2268,0,8,3,346,2,3,0,"OneFam"
76500,2256,0,60,4,840,0,2,0,"TwoFmCon"
149700,1236,0,14,2,912,2,1,0,"OneFam"
125500,1363,0,60,3,622,2,1,0,"OneFam"
122500,2290,0,60,4,777,2,2,0,"TwoFmCon"
140750,1470,0,16,2,738,2,1,0,"OneFam"
128500,1612,0,13,3,988,1,1,0,"OneFam"
209500,2068,0,5,3,1108,1,1,1,"OneFam"
87000,765,0,60,2,765,1,1,0,"OneFam"
134000,1132,0,60,2,608,1,1,0,"OneFam"
128000,1196,0,60,3,572,2,1,2,"OneFam"
132000,1453,300,60,3,835,1,1,2,"OneFam"
139900,1416,0,60,3,780,1,1,0,"OneFam"
123900,1040,0,30,2,528,2,1,0,"OneFam"
138400,1536,0,60,4,928,2,2,1,"OneFam"
109500,1068,0,60,2,1124,1,1,1,"OneFam"
140000,1710,0,60,3,576,2,2,0,"OneFam"
149500,1962,0,60,4,888,2,1,1,"OneFam"
159900,1560,0,1,3,780,0,1,0,"OneFam"
122000,1324,0,17,3,662,1,1,0,"OneFam"
110000,816,0,47,2,816,2,1,0,"Duplex"
55000,1092,0,60,3,0,0,2,0,"TwoFmCon"
140000,1812,0,14,4,360,2,2,1,"TwoFmCon"
244400,2403,0,60,4,1032,1,2,2,"OneFam"
173000,1675,90,51,3,1422,1,2,2,"OneFam"
107500,1224,0,60,3,689,1,1,0,"OneFam"
100000,1392,0,60,3,1212,0,1,0,"TwoFmCon"
95000,919,0,60,3,600,1,1,0,"OneFam"
93369,1884,0,60,4,707,0,1,0,"OneFam"
114900,1680,0,60,2,856,2,2,1,"TwoFmCon"
94000,1020,0,14,2,780,0,1,0,"OneFam"
136000,1832,72,43,4,1832,0,2,0,"Duplex"
136500,1768,0,42,4,1768,0,2,0,"Duplex"
131500,1039,0,45,3,1039,2,1,0,"TwoFmCon"
121500,1392,180,14,3,1392,2,1,1,"OneFam"
125000,912,0,43,3,912,1,1,1,"OneFam"
154000,1060,0,9,3,1060,1,1,1,"OneFam"
137900,892,47,2,3,864,1,1,0,"OneFam"
158000,1352,143,41,4,663,1,1,0,"OneFam"
137250,864,0,42,2,864,1,1,0,"OneFam"
160250,1373,0,32,3,1319,2,1,2,"Duplex"
163000,1440,0,42,4,720,2,1,2,"OneFam"
158900,1386,328,32,3,672,2,2,1,"OneFam"
328000,2260,0,13,3,1306,2,2,0,"OneFam"
270000,1483,0,9,1,1420,2,1,2,"OneFam"
85000,756,0,60,2,660,2,1,0,"OneFam"
128000,1067,0,15,2,1067,2,2,0,"OneFam"
260000,1524,0,31,0,1332,2,0,1,"OneFam"
230000,1981,288,18,4,1117,2,2,1,"OneFam"
124000,1610,0,20,4,972,1,2,1,"OneFam"
83000,835,0,60,2,458,1,1,0,"OneFam"
144500,1074,0,23,3,663,1,1,1,"OneFam"
129000,1144,0,54,3,1144,1,1,0,"OneFam"
127000,1531,0,31,3,756,1,1,1,"OneFam"
128000,1172,0,12,3,1172,1,1,0,"OneFam"
186000,1212,0,1,3,1212,2,2,0,"OneFam"
308030,1508,96,0,1,1508,2,1,2,"OneFam"
114000,1298,0,46,3,1250,2,2,0,"OneFam"
84900,930,0,4,2,0,1,1,0,"OneFam"
178000,1732,336,25,3,741,2,2,1,"OneFam"
270000,1433,177,23,1,1433,2,1,2,"OneFam"
218000,1802,85,17,3,946,4,2,1,"OneFam"
236000,1949,246,16,3,1050,2,2,1,"OneFam"
147000,996,0,18,2,936,2,1,0,"OneFam"
245350,1694,72,2,3,1694,3,2,0,"OneFam"
206000,1208,24,4,2,1187,2,2,0,"OneFam"
198900,1226,0,1,3,1226,3,2,0,"OneFam"
187000,1222,80,0,2,1222,2,2,0,"OneFam"
320000,3222,0,20,5,1673,3,3,2,"OneFam"
138500,1445,0,17,3,676,2,2,0,"OneFam"
155000,1052,80,39,3,1010,2,1,0,"OneFam"
159000,965,0,14,2,870,2,1,0,"OneFam"
191000,1692,0,12,3,878,2,2,1,"OneFam"
200500,1682,116,12,3,804,2,2,0,"OneFam"
150000,1026,0,6,3,1026,1,1,0,"OneFam"
161750,1392,153,33,3,689,1,1,0,"OneFam"
128200,894,0,34,3,894,1,1,0,"OneFam"
127000,876,0,38,3,876,2,1,0,"OneFam"
318000,1978,320,7,3,1978,3,2,1,"OneFam"
272000,1601,479,8,3,1581,2,2,1,"OneFam"
237000,1829,223,7,3,941,2,2,1,"OneFam"
240000,2098,0,13,4,1040,2,2,1,"OneFam"
224900,1661,442,12,3,1649,2,2,0,"OneFam"
143750,848,170,7,1,848,2,1,0,"TwnhsE"
143000,848,169,6,1,848,2,1,0,"TwnhsE"
232000,1668,171,7,3,1657,2,2,1,"OneFam"
213000,1484,109,5,3,1473,2,2,0,"OneFam"
185500,1414,98,6,3,1414,2,2,0,"OneFam"
84900,640,0,3,2,0,1,1,0,"OneFam"
155891,992,0,56,3,381,1,1,0,"OneFam"
100000,1664,0,45,4,0,0,2,0,"Duplex"
144000,1196,0,42,3,1196,1,1,0,"OneFam"
64000,1120,0,60,2,744,2,1,0,"OneFam"
125200,1096,0,35,3,1008,1,1,1,"OneFam"
107000,1117,0,34,3,1029,2,1,1,"OneFam"
90000,960,0,52,3,960,0,1,0,"OneFam"
140000,1121,0,6,2,1121,2,2,0,"OneFam"
113000,1487,0,60,3,735,1,1,1,"OneFam"
80000,924,0,60,2,672,1,1,0,"TwoFmCon"
144500,1526,145,8,4,1216,1,1,1,"OneFam"
104000,1296,203,11,2,1107,1,2,1,"OneFam"
128000,1647,0,60,4,806,1,1,0,"OneFam"
58500,864,0,60,2,864,1,1,0,"OneFam"
127000,1691,0,60,3,1026,1,2,1,"OneFam"
126000,856,0,60,2,856,2,1,1,"OneFam"
160000,2650,0,43,6,0,0,3,0,"Duplex"
100000,1666,0,60,3,894,0,1,1,"OneFam"
169000,2447,0,20,4,804,1,2,1,"OneFam"
257500,2133,371,25,4,1528,1,1,2,"OneFam"
215000,2177,430,19,5,1032,2,2,0,"Duplex"
266500,2340,0,4,4,1152,1,2,2,"OneFam"
335000,1902,0,8,3,1902,2,2,2,"OneFam"
203135,1652,44,3,3,423,2,2,0,"OneFam"
185000,1034,0,21,1,982,2,1,1,"TwnhsE"
162500,1191,0,21,2,1191,2,2,1,"TwnhsE"
289000,1801,0,13,1,1501,2,2,2,"OneFam"
125500,1154,0,3,3,796,1,1,0,"OneFam"
82000,540,0,60,1,480,1,1,0,"OneFam"
110000,1107,0,35,2,629,1,1,0,"OneFam"
68400,1128,0,60,2,698,2,1,0,"OneFam"
102776,1178,0,60,2,859,1,1,0,"OneFam"
55993,1044,0,58,2,540,2,1,0,"OneFam"
50138,952,0,60,3,756,1,1,0,"OneFam"
246000,1646,186,5,2,1594,2,2,1,"TwnhsE"
254900,1916,0,11,3,1049,3,2,1,"OneFam"
190000,1285,0,33,3,1243,2,2,1,"OneFam"
201000,1560,0,7,3,1560,2,2,0,"OneFam"
169900,1034,335,34,3,1012,3,1,0,"OneFam"
170000,2048,0,34,5,1958,2,3,0,"Duplex"
160000,1687,0,60,3,747,2,1,2,"OneFam"
220000,1346,60,2,3,1336,3,2,1,"OneFam"
179781,1214,0,0,2,1214,2,2,0,"OneFam"
174000,1444,0,3,3,384,2,2,0,"OneFam"
269500,1968,84,0,4,774,3,2,1,"OneFam"
214900,1894,44,7,4,817,2,2,1,"OneFam"
202900,1908,0,8,4,967,2,2,0,"OneFam"
378500,2018,0,1,3,2002,3,2,1,"OneFam"
169000,1264,0,33,2,1068,2,1,1,"OneFam"
173500,1430,0,5,3,1430,2,2,0,"OneFam"
139000,1824,0,39,4,912,0,2,0,"Duplex"
166500,1344,0,11,3,1344,2,2,1,"OneFam"
83500,1092,0,37,3,546,1,1,0,"TwnhsE"
119500,945,0,37,2,945,1,1,1,"Twnhs"
85000,1112,0,34,3,536,1,1,0,"TwnhsE"
76000,1092,0,40,3,546,0,1,0,"Twnhs"
75500,630,0,38,1,630,0,1,0,"TwnhsE"
88250,1092,0,40,3,546,0,1,0,"TwnhsE"
85500,1092,0,38,3,546,1,1,0,"TwnhsE"
130000,874,0,6,3,864,1,1,0,"OneFam"
157900,1188,189,48,3,1188,1,1,0,"OneFam"
149900,833,0,26,2,833,2,1,0,"OneFam"
159000,2432,0,24,4,1216,2,4,0,"Duplex"
136000,1274,0,19,3,624,2,1,0,"OneFam"
161000,1479,0,41,5,864,1,2,0,"OneFam"
285000,1803,0,15,3,1679,2,2,2,"OneFam"
231000,1797,0,16,3,1152,2,2,1,"OneFam"
124500,882,0,53,2,882,1,1,0,"OneFam"
157000,1434,440,35,4,1434,2,2,1,"OneFam"
345000,2704,0,14,4,1952,2,2,3,"OneFam"
189500,1608,0,12,3,945,2,2,1,"OneFam"
270000,2283,188,6,4,1008,3,2,1,"OneFam"
189000,1628,32,12,3,384,2,2,1,"OneFam"
377500,1746,160,2,3,1746,3,2,2,"OneFam"
168500,1474,22,13,3,384,2,2,1,"OneFam"
375000,2522,0,4,1,2208,2,2,1,"TwnhsE"
278000,1659,0,9,2,1501,2,2,1,"TwnhsE"
240000,1478,0,11,2,1418,2,2,0,"OneFam"
239500,1734,0,13,2,1587,2,2,0,"TwnhsE"
177500,1382,0,11,3,384,2,2,1,"OneFam"
185000,1718,40,11,3,832,2,2,1,"OneFam"
191000,1636,0,10,3,952,2,2,1,"OneFam"
178000,1571,0,15,3,799,2,2,1,"OneFam"
185000,1470,68,16,3,680,2,2,1,"OneFam"
181316,1516,0,14,3,707,2,2,1,"OneFam"
166000,1190,45,16,3,1181,2,2,1,"OneFam"
178000,1593,0,16,3,808,2,2,1,"OneFam"
174000,1481,0,14,3,702,2,2,1,"OneFam"
173000,1167,106,17,3,1158,2,2,0,"OneFam"
225000,1983,344,10,3,978,2,2,1,"OneFam"
180500,1442,0,19,3,1424,2,2,0,"OneFam"
187500,1360,0,25,1,1220,2,1,1,"TwnhsE"
501837,2234,748,0,1,2216,3,2,1,"OneFam"
372500,2046,464,1,3,2046,3,2,1,"OneFam"
260000,1530,16,4,3,1530,2,2,1,"OneFam"
185000,1934,157,32,3,1122,2,2,1,"OneFam"
260000,2353,278,29,4,845,2,2,1,"OneFam"
181000,1586,0,11,3,1362,2,2,1,"OneFam"
82500,1411,209,32,3,1386,2,2,1,"OneFam"
215000,1602,126,9,3,1602,2,2,1,"OneFam"
154000,2050,256,31,4,832,2,2,1,"OneFam"
200000,1671,101,23,3,1427,2,2,1,"OneFam"
249000,2673,229,18,4,1043,2,2,1,"OneFam"
187500,1472,225,29,3,1372,2,2,2,"OneFam"
184000,1707,144,11,3,1140,2,2,1,"OneFam"
278000,2524,0,28,4,2524,2,2,1,"OneFam"
157000,1601,206,31,3,1271,2,2,1,"OneFam"
152000,1370,189,33,3,1090,2,2,1,"OneFam"
197500,1868,44,33,4,780,2,2,1,"OneFam"
240900,1884,0,6,3,926,2,2,1,"OneFam"
263435,1935,110,0,3,832,2,2,0,"OneFam"
220000,1874,0,8,3,1058,2,2,1,"OneFam"
235000,1811,0,7,3,972,2,2,1,"OneFam"
213000,1621,161,34,3,1621,2,2,2,"OneFam"
167900,1116,196,35,3,1116,2,2,1,"OneFam"
158000,1193,0,34,3,1176,2,2,1,"OneFam"
165000,1350,174,35,3,1064,2,2,1,"OneFam"
158000,2119,333,37,3,689,2,2,1,"OneFam"
136000,1792,0,35,4,896,0,2,0,"Duplex"
148500,1002,76,39,3,1002,2,1,0,"OneFam"
156000,1026,0,4,3,1026,2,1,0,"OneFam"
128000,1180,0,39,2,1180,2,1,0,"OneFam"
143000,1050,178,38,3,1043,1,1,0,"OneFam"
76500,864,0,39,3,864,2,1,0,"OneFam"
120500,864,0,39,3,864,2,1,0,"OneFam"
124500,864,0,39,3,864,2,1,0,"OneFam"
97000,864,0,38,2,864,2,1,0,"OneFam"
130000,864,0,3,3,864,2,1,0,"OneFam"
111000,987,504,36,2,483,1,1,0,"Twnhs"
125000,1365,312,39,3,765,2,1,0,"TwnhsE"
112000,1302,142,38,3,630,1,2,0,"Twnhs"
97000,987,425,37,2,483,1,1,0,"Twnhs"
118000,987,510,2,2,483,1,1,0,"Twnhs"
119500,1302,268,37,3,630,1,2,0,"Twnhs"
143750,958,0,33,2,958,2,2,0,"TwnhsE"
146000,1548,0,33,3,804,2,2,1,"TwnhsE"
148500,1456,0,33,3,855,2,2,1,"Twnhs"
123000,1055,0,34,2,1057,2,2,1,"Twnhs"
147000,1322,0,35,3,855,2,2,1,"TwnhsE"
137900,1456,0,32,3,855,2,2,1,"Twnhs"
147000,1548,0,31,3,804,2,2,1,"TwnhsE"
148500,1441,0,31,3,855,2,2,1,"Twnhs"
138000,1456,0,31,3,855,2,2,1,"TwnhsE"
128500,836,0,33,2,836,1,1,0,"TwnhsE"
100000,892,60,42,3,892,1,1,0,"OneFam"
148800,1120,165,5,3,864,2,1,1,"OneFam"
337500,1718,230,2,3,1700,3,2,1,"OneFam"
462000,2772,726,2,4,1776,3,3,3,"OneFam"
485000,3140,860,0,4,1926,3,3,2,"OneFam"
555000,2402,200,1,2,3094,3,2,2,"OneFam"
325000,1652,300,2,2,1652,2,2,2,"OneFam"
256300,1600,640,2,3,1566,3,2,1,"OneFam"
253293,2042,306,0,3,2042,3,2,1,"OneFam"
398800,2690,0,0,3,1365,3,2,1,"OneFam"
335000,2184,154,1,3,1104,3,2,1,"OneFam"
404000,2020,450,1,3,2020,3,2,1,"OneFam"
402861,2020,305,0,3,2006,3,2,1,"OneFam"
451950,2296,420,1,3,1722,3,2,1,"OneFam"
610000,2674,472,2,2,2630,3,2,2,"OneFam"
582933,2822,424,0,4,1734,3,3,1,"OneFam"
360000,1736,302,1,3,1736,3,2,1,"OneFam"
296000,1782,238,4,3,1782,3,2,2,"OneFam"
409900,2520,20,2,5,1508,3,2,1,"OneFam"
255500,1717,250,3,3,1709,3,2,1,"OneFam"
335000,1743,284,1,3,1739,3,2,1,"OneFam"
274900,1713,262,4,3,1713,3,2,1,"OneFam"
300000,1531,122,3,2,1504,3,2,1,"OneFam"
324000,1808,285,1,3,1774,3,2,1,"OneFam"
350000,2224,216,4,4,1462,3,2,1,"OneFam"
280000,1836,42,4,3,1836,3,2,1,"OneFam"
284000,1629,296,5,3,3206,3,2,1,"OneFam"
269500,1760,418,5,3,1760,2,2,1,"OneFam"
233170,1502,268,0,3,1502,2,2,0,"OneFam"
386250,2392,922,6,3,2392,3,2,1,"OneFam"
445000,2452,724,6,3,2452,3,2,1,"OneFam"
290000,2400,186,5,4,1082,3,3,1,"OneFam"
255900,1606,383,3,3,1598,3,2,1,"OneFam"
213000,1358,240,4,2,1358,2,2,1,"TwnhsE"
196000,1306,135,4,1,1306,2,2,1,"Twnhs"
184500,1306,135,4,1,1306,2,2,1,"Twnhs"
212500,1358,176,1,2,1350,2,2,1,"TwnhsE"
230000,1314,166,1,2,1314,2,2,1,"Twnhs"
552000,2492,730,4,2,2492,3,2,1,"OneFam"
382500,2200,470,5,3,2200,3,2,1,"OneFam"
320000,1884,308,0,2,1884,2,2,1,"TwnhsE"
248500,1456,500,1,2,1451,2,2,1,"TwnhsE"
286500,1712,270,6,3,1712,3,2,1,"OneFam"
254000,1324,176,3,2,1324,2,2,1,"TwnhsE"
173000,1405,163,6,2,1405,2,2,1,"TwnhsE"
173000,1626,106,5,2,764,2,2,0,"Twnhs"
184000,1456,0,4,3,728,2,2,1,"OneFam"
167800,1490,0,3,3,745,2,2,1,"OneFam"
174000,1484,0,4,3,742,2,2,1,"OneFam"
174000,1560,0,4,3,684,2,2,1,"OneFam"
174000,1555,130,2,2,1373,3,2,1,"TwnhsE"
175900,1569,130,2,1,1386,3,2,1,"TwnhsE"
192500,1555,16,3,2,1373,2,2,1,"TwnhsE"
181000,1504,16,3,1,1346,2,2,1,"TwnhsE"
180000,1220,16,3,2,1220,2,2,1,"TwnhsE"
160200,1145,11,3,2,1145,2,2,1,"TwnhsE"
188500,1432,0,4,3,716,2,2,1,"OneFam"
200000,2267,0,7,4,1010,2,2,1,"OneFam"
170000,1374,0,4,3,384,2,2,1,"OneFam"
189500,1630,200,4,3,868,2,2,1,"OneFam"
184100,1419,0,7,3,408,2,2,1,"OneFam"
195500,1594,0,5,3,846,2,2,1,"OneFam"
192000,1489,0,6,3,782,2,2,1,"OneFam"
178000,1342,0,6,3,698,2,2,1,"OneFam"
207500,1314,166,1,2,1314,2,2,1,"Twnhs"
236000,2256,0,9,4,952,2,2,1,"OneFam"
257500,2004,0,7,4,870,3,2,1,"OneFam"
244000,2054,40,9,3,992,2,2,1,"OneFam"
167000,1374,0,5,3,384,2,2,0,"OneFam"
179000,1800,16,9,3,982,2,2,1,"OneFam"
190000,1514,0,9,3,794,2,2,1,"OneFam"
156000,1430,0,9,3,384,2,2,1,"OneFam"
245000,2312,210,10,4,1177,3,2,1,"OneFam"
181000,1675,0,10,3,841,2,2,1,"OneFam"
214000,2060,298,10,3,992,2,2,1,"OneFam"
168000,1430,0,10,3,384,2,2,1,"OneFam"
337000,2365,673,10,3,1252,3,2,1,"OneFam"
403000,2794,506,13,4,1462,3,2,1,"OneFam"
327000,2687,150,9,4,1455,3,2,2,"OneFam"
340000,2450,731,11,3,1284,3,2,1,"OneFam"
336000,2612,975,10,4,1225,3,2,1,"OneFam"
265000,2344,921,12,3,1264,3,2,1,"OneFam"
315000,2063,634,14,3,2024,3,2,2,"OneFam"
260000,2646,256,16,4,1347,3,2,1,"OneFam"
260000,2061,286,13,3,1070,2,2,1,"OneFam"
263550,2232,372,15,3,1173,2,2,1,"OneFam"
402000,2448,528,4,4,1629,3,2,1,"OneFam"
248000,1850,0,15,3,973,2,2,1,"OneFam"
244600,1468,72,0,3,1468,3,2,1,"OneFam"
275000,1696,240,1,3,1696,3,2,0,"OneFam"
257500,1658,294,1,3,1614,3,2,1,"OneFam"
287090,1578,194,0,3,1573,3,2,1,"OneFam"
275500,1702,260,2,3,1702,3,2,1,"OneFam"
245000,1432,206,3,3,1422,2,2,1,"OneFam"
253000,1971,0,4,3,1113,2,2,1,"OneFam"
468000,2490,198,3,2,2458,3,2,2,"OneFam"
252678,1852,0,0,3,900,2,2,1,"OneFam"
210000,1590,0,1,3,768,2,2,0,"OneFam"
208300,1218,0,0,2,1218,2,2,0,"OneFam"
225000,1436,0,0,3,1436,2,2,0,"OneFam"
229456,1314,72,0,3,1300,2,2,0,"OneFam"
229800,1402,0,1,3,1402,2,2,0,"OneFam"
250000,1530,120,1,3,1530,3,2,1,"OneFam"
370878,1766,162,0,2,1766,3,2,1,"OneFam"
238500,1448,238,2,2,1372,2,2,1,"OneFam"
310000,2007,160,1,3,1017,3,2,1,"OneFam"
270000,1795,121,3,3,900,3,2,1,"OneFam"
252000,1953,0,3,3,1082,3,2,1,"OneFam"
241000,1550,100,2,2,1092,2,2,0,"OneFam"
264500,1836,288,0,3,1836,2,2,1,"OneFam"
291000,1662,0,2,3,1652,3,2,1,"OneFam"
263000,2094,0,5,4,912,2,2,1,"OneFam"
185000,1221,0,4,2,1221,2,2,0,"OneFam"
234500,1553,0,5,3,1553,2,2,0,"OneFam"
209000,1653,0,6,3,812,2,2,0,"OneFam"
159000,1218,0,2,3,1218,2,1,0,"OneFam"
152000,1141,0,3,3,1141,2,1,0,"OneFam"
143500,1158,0,5,3,1158,0,1,0,"OneFam"
193000,1812,0,5,3,835,2,2,0,"OneFam"
203000,1512,264,5,3,1512,3,2,0,"OneFam"
184900,1200,0,6,2,1176,2,2,0,"OneFam"
159000,1114,0,4,3,1114,2,1,0,"OneFam"
142000,1114,0,5,3,1114,0,1,0,"OneFam"
153000,1114,0,5,3,1114,2,2,0,"OneFam"
224243,1450,140,0,2,1450,3,2,0,"OneFam"
220000,2122,132,12,4,913,2,2,1,"OneFam"
257000,1844,366,3,2,1844,2,2,1,"OneFam"
189000,1434,0,8,3,1454,2,2,1,"OneFam"
171500,1730,0,17,3,816,2,2,0,"OneFam"
120000,1217,0,29,3,626,1,1,1,"TwnhsE"
145000,1332,0,18,2,1332,2,2,0,"TwnhsE"
184000,1540,0,15,3,754,2,2,0,"OneFam"
162000,1400,141,23,3,676,2,2,0,"OneFam"
160000,1882,0,28,4,0,2,2,2,"Duplex"
82000,841,0,59,2,721,1,1,0,"OneFam"
76000,784,0,59,2,784,2,1,0,"OneFam"
110000,980,0,47,3,980,2,1,0,"OneFam"
135000,980,153,32,3,980,2,1,0,"OneFam"
141000,864,0,48,3,864,2,1,0,"OneFam"
122000,864,0,48,2,864,1,1,0,"OneFam"
124100,1020,0,44,3,1024,1,2,0,"OneFam"
129000,912,0,14,3,912,1,1,0,"OneFam"
131400,1144,0,26,3,864,1,1,1,"OneFam"
62383,864,0,44,3,864,1,1,1,"OneFam"
123000,912,60,47,3,912,1,1,0,"OneFam"
275000,2014,115,29,2,2014,3,2,2,"OneFam"
235000,1755,196,1,3,975,2,2,1,"OneFam"
280750,3005,0,4,3,1376,3,2,1,"Twnhs"
164500,1224,76,0,2,612,2,2,0,"TwnhsE"
173733,1224,76,0,2,612,2,2,0,"TwnhsE"
222000,1726,280,1,2,1726,2,2,1,"TwnhsE"
195000,1256,252,1,1,1145,2,1,1,"TwnhsE"
172500,1471,894,10,3,729,2,2,0,"TwnhsE"
180000,1512,513,9,2,756,2,2,0,"TwnhsE"
156000,1452,218,10,3,691,2,2,0,"TwnhsE"
172500,1739,456,9,3,970,2,2,0,"Twnhs"
318750,1694,450,1,2,1694,2,2,1,"OneFam"
211500,1226,0,28,1,1226,2,1,2,"TwnhsE"
241600,1740,0,28,2,1740,2,1,0,"OneFam"
180500,2499,200,33,4,392,2,2,1,"OneFam"
150000,1620,0,16,3,1281,2,2,1,"OneFam"
154000,1556,0,41,4,727,2,1,0,"OneFam"
185000,1442,571,39,2,1442,2,2,1,"OneFam"
185750,1489,0,41,3,1489,2,2,1,"OneFam"
200000,2090,240,36,3,1107,2,2,2,"OneFam"
206000,2067,0,35,3,752,2,2,2,"OneFam"
162000,1395,0,37,3,723,2,1,1,"OneFam"
256900,2640,256,12,5,932,2,2,1,"OneFam"
197900,1724,359,33,3,1680,2,1,1,"OneFam"
163000,1336,128,40,3,1288,2,2,1,"OneFam"
113000,1216,200,40,3,1216,1,1,0,"OneFam"
230000,2288,283,17,4,908,2,1,2,"OneFam"
167900,1334,360,32,2,1350,2,2,1,"OneFam"
213250,1680,0,10,3,1650,2,2,1,"OneFam"
227000,1665,0,8,3,810,2,2,0,"OneFam"
130000,864,0,42,2,864,1,1,0,"OneFam"
143000,1568,0,42,3,1568,2,1,0,"OneFam"
117500,925,0,44,2,925,1,1,0,"OneFam"
168500,2061,252,35,4,1165,2,2,1,"OneFam"
172500,1320,509,38,3,1232,2,2,1,"OneFam"
161500,1342,0,42,3,1372,2,2,1,"OneFam"
141500,894,0,49,2,894,2,1,1,"OneFam"
118000,864,0,50,3,864,1,1,0,"OneFam"
127500,864,0,50,2,864,1,1,0,"OneFam"
140000,1362,160,52,3,1040,3,1,1,"OneFam"
177625,1728,70,53,3,1048,2,2,1,"OneFam"
110000,1776,95,51,4,1584,3,2,0,"Duplex"
167000,1516,180,45,3,1516,2,1,0,"OneFam"
153000,1313,217,14,3,1313,2,1,1,"OneFam"
145100,1292,144,45,3,1292,2,1,2,"OneFam"
154000,1154,200,43,3,1154,2,1,1,"OneFam"
177500,2140,0,44,4,744,2,2,1,"OneFam"
158000,1445,115,45,3,1127,2,1,1,"OneFam"
124500,1041,132,50,3,1041,1,1,0,"OneFam"
174500,1576,90,48,4,1208,2,1,1,"OneFam"
122000,960,0,54,2,960,1,1,0,"OneFam"
82500,708,0,59,2,420,0,1,0,"OneFam"
110000,1203,161,59,3,709,1,1,1,"OneFam"
149500,1505,90,56,2,1505,2,1,1,"OneFam"
175000,1691,0,42,2,1680,2,1,0,"OneFam"
167000,1644,238,56,3,1416,2,1,2,"OneFam"
128900,1050,0,53,2,1050,1,1,0,"OneFam"
140000,1668,0,4,3,856,1,1,0,"OneFam"
147000,1113,0,2,3,1113,1,1,1,"OneFam"
124000,1584,0,42,4,1584,3,2,0,"Duplex"
187500,1453,3,48,3,1453,2,2,1,"OneFam"
159000,1394,247,46,3,1394,2,1,2,"OneFam"
256000,1567,210,1,2,1562,2,2,2,"OneFam"
205000,1986,176,19,3,768,2,2,3,"OneFam"
193500,2142,576,41,4,896,1,2,1,"OneFam"
110000,1392,216,41,2,1392,2,1,2,"OneFam"
104900,1738,0,2,4,715,1,2,1,"OneFam"
150000,1144,164,53,3,1169,1,1,0,"OneFam"
156500,1478,0,52,3,1478,2,1,2,"OneFam"
176000,1329,128,49,3,1329,2,1,2,"OneFam"
149500,988,0,11,3,988,1,2,0,"OneFam"
139000,1632,183,21,3,1240,1,2,1,"OneFam"
155000,1215,176,11,3,1215,1,1,0,"OneFam"
120000,1202,0,53,3,1202,1,1,0,"OneFam"
153000,1382,0,54,3,1382,1,1,0,"OneFam"
144000,1200,0,53,3,1200,1,1,2,"OneFam"
176000,1382,399,47,3,1362,2,1,1,"OneFam"
153000,1297,650,19,3,1297,2,1,1,"OneFam"
135000,1866,657,51,4,1866,2,2,0,"Duplex"
131000,1062,80,55,3,1062,1,1,0,"OneFam"
123000,1319,0,56,3,608,1,1,0,"OneFam"
126000,1112,0,58,2,631,2,1,0,"OneFam"
115000,1005,0,54,2,1005,2,1,1,"OneFam"
164900,1363,70,9,2,1008,1,1,2,"OneFam"
113000,793,0,59,2,793,1,1,0,"OneFam"
145500,1031,0,4,2,1031,1,1,0,"OneFam"
102900,1210,140,56,2,0,1,1,0,"OneFam"
95000,1699,0,39,3,978,2,2,0,"TwoFmCon"
152500,1527,0,10,3,699,2,1,1,"OneFam"
129900,1200,0,59,3,1200,1,1,0,"OneFam"
132000,972,0,7,2,972,1,1,1,"OneFam"
99900,792,0,51,2,792,1,1,0,"OneFam"
135000,1656,0,22,3,660,1,2,0,"OneFam"
149000,1352,0,3,4,676,2,2,0,"OneFam"
114000,1039,0,6,2,405,1,1,0,"OneFam"
109500,792,0,3,2,768,1,1,0,"OneFam"
125000,1078,0,59,3,1054,1,1,0,"OneFam"
142900,2377,0,59,3,1313,2,2,1,"OneFam"
156500,1690,0,1,4,560,2,2,0,"OneFam"
59000,599,0,59,2,416,0,1,0,"OneFam"
105000,1374,0,59,2,840,1,1,0,"OneFam"
106000,846,0,59,2,720,2,1,0,"OneFam"
78500,725,0,11,1,630,1,1,0,"OneFam"
190000,2544,480,40,6,1248,3,2,0,"Duplex"
154000,1380,295,46,3,1380,1,1,0,"OneFam"
163000,1040,0,42,3,1040,2,1,1,"OneFam"
200000,2634,368,40,6,1248,4,2,0,"Duplex"
143500,951,0,2,2,951,2,1,0,"OneFam"
135000,1105,143,52,3,1105,1,1,0,"OneFam"
153000,1306,0,9,2,992,1,1,0,"OneFam"
157500,1478,30,49,3,1478,2,2,2,"OneFam"
113500,1142,82,51,2,160,1,1,1,"OneFam"
133000,1268,0,59,3,832,1,1,1,"OneFam"
92900,1040,0,59,2,0,2,2,0,"Duplex"
128500,1133,0,59,3,795,2,1,0,"OneFam"
90000,1040,0,59,2,0,2,2,0,"Duplex"
138000,1904,0,27,3,1208,1,1,0,"OneFam"
128000,1041,0,51,3,1041,1,1,0,"OneFam"
139000,1339,0,44,3,1029,1,1,0,"OneFam"
118900,732,0,57,2,732,1,1,0,"OneFam"
138000,1183,0,50,3,528,1,1,0,"OneFam"
132500,1148,0,50,3,1148,1,1,0,"OneFam"
133500,1461,0,13,4,832,1,2,0,"OneFam"
135000,1495,0,15,3,864,2,1,0,"OneFam"
144750,1806,420,45,4,780,2,1,0,"OneFam"
145000,941,124,31,2,941,2,1,0,"Duplex"
127000,1045,0,46,3,1045,1,1,1,"OneFam"
109500,894,0,47,2,894,1,1,0,"OneFam"
115000,1224,0,5,3,818,1,1,0,"OneFam"
110000,1230,0,28,2,440,2,1,0,"OneFam"
128900,1378,0,11,3,901,1,1,0,"OneFam"
103500,1944,0,59,4,972,2,2,0,"Duplex"
66500,1131,0,59,3,676,1,1,0,"OneFam"
130000,1306,0,6,3,240,2,1,0,"OneFam"
129000,1464,0,7,3,504,0,2,0,"OneFam"
150000,1558,0,59,3,690,2,1,1,"OneFam"
107500,2372,0,44,4,994,1,2,0,"OneFam"
94550,1701,0,59,4,600,0,2,0,"TwoFmCon"
124500,1960,360,57,4,960,2,2,0,"Duplex"
135000,1389,0,17,3,651,1,1,2,"OneFam"
103000,1447,0,59,3,801,0,1,0,"OneFam"
93000,936,0,56,2,936,2,1,0,"TwoFmCon"
129500,1328,0,39,3,768,1,1,0,"OneFam"
93000,1387,0,55,3,811,1,2,0,"TwoFmCon"
80000,861,0,59,2,861,2,1,0,"OneFam"
45000,612,0,59,1,0,1,1,0,"OneFam"
37900,968,0,59,2,600,0,1,0,"OneFam"
91300,886,0,13,2,190,1,1,0,"OneFam"
99500,792,0,59,2,624,1,1,0,"OneFam"
113000,1452,0,1,2,736,0,2,0,"TwoFmCon"
87500,1510,0,59,3,677,2,2,0,"OneFam"
110000,1284,0,59,2,720,1,1,0,"OneFam"
106000,2138,0,44,2,849,2,2,0,"OneFam"
265979,2640,0,6,4,1240,4,1,1,"OneFam"
160000,2007,0,59,3,917,1,2,0,"OneFam"
119000,1288,0,2,3,624,1,1,1,"OneFam"
168000,1742,0,23,4,916,2,1,1,"OneFam"
58500,816,0,59,2,624,0,1,1,"OneFam"
143000,1482,0,21,3,650,2,1,0,"OneFam"
85000,1022,0,3,2,1022,1,1,0,"OneFam"
124900,1869,0,13,2,1088,2,1,0,"OneFam"
119000,1480,0,59,3,972,1,1,0,"OneFam"
146500,1521,0,7,4,741,3,1,0,"OneFam"
34900,720,0,59,2,720,0,1,0,"OneFam"
44000,797,0,59,2,245,0,1,0,"OneFam"
223500,1576,0,5,3,1324,2,1,1,"OneFam"
149000,1432,0,59,3,1022,1,1,1,"OneFam"
205000,1548,0,2,3,952,2,2,0,"OneFam"
137000,1654,0,27,3,297,1,2,1,"OneFam"
121000,952,0,59,2,952,1,1,1,"OneFam"
128000,1324,0,59,3,672,1,1,0,"OneFam"
134900,1176,0,9,2,698,2,1,0,"OneFam"
117000,1348,0,12,3,884,1,1,1,"OneFam"
132500,1412,0,59,4,780,1,1,1,"OneFam"
93000,1142,444,59,3,468,1,1,0,"OneFam"
119000,904,0,5,2,884,1,1,0,"OneFam"
100000,1301,0,59,2,1145,2,1,0,"OneFam"
141500,1539,0,59,3,927,2,1,0,"OneFam"
133000,1573,0,14,3,884,1,1,0,"OneFam"
60000,800,0,59,1,264,0,1,1,"OneFam"
105000,875,0,16,2,715,1,1,0,"OneFam"
115000,995,0,10,2,960,1,1,0,"OneFam"
150000,1582,0,59,3,952,1,2,1,"OneFam"
126500,1072,0,59,2,1072,5,1,0,"OneFam"
214500,2134,0,15,5,844,2,2,0,"OneFam"
167500,2019,0,16,3,728,2,1,0,"OneFam"
155000,1768,0,59,3,1048,2,2,0,"OneFam"
155000,1826,0,4,4,910,1,1,1,"OneFam"
179900,1944,0,15,3,672,1,2,0,"OneFam"
104000,2229,0,59,5,755,0,1,0,"OneFam"
62500,2128,0,59,4,1040,0,2,0,"Duplex"
149000,1930,0,59,4,720,1,2,0,"OneFam"
103000,1208,0,59,2,780,2,1,0,"OneFam"
123000,1427,0,7,3,483,1,1,0,"OneFam"
97500,1864,188,9,6,1020,0,2,0,"TwoFmCon"
135000,1666,0,59,3,1204,1,1,0,"OneFam"
70000,892,0,59,1,858,0,1,0,"OneFam"
116000,1403,0,44,3,698,1,1,0,"TwoFmCon"
88750,704,0,8,2,560,1,1,0,"OneFam"
179000,1200,0,21,3,1200,0,3,0,"Duplex"
179000,1200,0,21,3,1200,0,3,0,"Duplex"
159900,1152,0,31,2,1152,1,2,0,"Duplex"
61000,904,0,59,1,683,0,0,0,"OneFam"
103600,1369,0,59,3,672,1,2,0,"OneFam"
63000,1112,0,59,4,585,1,2,0,"OneFam"
175000,1464,0,10,3,520,2,2,1,"OneFam"
139000,1121,0,46,3,1121,2,1,0,"OneFam"
172500,1683,92,31,3,918,2,2,1,"OneFam"
113500,1052,172,42,3,1052,1,1,1,"OneFam"
130000,899,89,5,3,864,1,1,0,"OneFam"
149900,1034,23,31,3,456,2,1,1,"OneFam"
134900,858,0,27,2,858,2,1,0,"OneFam"
137000,860,0,27,2,840,2,1,0,"OneFam"
139000,1092,116,47,3,1092,1,1,1,"OneFam"
165000,1774,0,48,4,552,1,2,1,"OneFam"
148000,1138,54,49,3,1138,2,1,1,"OneFam"
165000,2071,366,53,4,825,1,1,1,"OneFam"
63900,660,0,59,2,0,0,1,0,"OneFam"
161500,1788,0,20,5,1104,1,1,2,"OneFam"
143000,1473,0,6,1,1437,1,1,2,"OneFam"
135000,1229,0,53,3,1134,1,1,0,"OneFam"
82500,861,0,59,1,861,2,1,0,"OneFam"
190000,1867,0,16,2,1617,1,1,3,"OneFam"
139600,1733,0,54,4,0,2,2,1,"OneFam"
122000,1383,0,55,2,0,2,1,0,"OneFam"
127500,1689,0,53,3,1436,2,1,1,"OneFam"
121500,1073,0,53,2,1073,1,1,0,"OneFam"
60000,1276,0,51,3,1276,1,1,0,"OneFam"
154400,1639,0,59,3,747,1,1,1,"OneFam"
113000,672,0,59,2,672,1,1,0,"OneFam"
125000,1089,0,55,3,1089,1,1,1,"OneFam"
84000,845,0,52,3,0,1,1,0,"OneFam"
139500,1049,149,25,2,1049,1,2,0,"TwnhsE"
131000,1716,0,1,3,768,1,1,1,"OneFam"
105000,1258,0,59,2,560,1,1,0,"OneFam"
108000,1510,0,59,4,755,1,1,1,"OneFam"
162000,1061,0,18,1,1054,2,1,0,"OneFam"
156500,1338,100,26,2,520,2,1,1,"OneFam"
316600,2132,0,0,1,1496,2,1,1,"OneFam"
271900,2196,234,18,3,2158,3,2,1,"OneFam"
213000,1775,137,16,3,740,2,2,1,"OneFam"
239900,1879,0,15,3,1079,2,2,1,"OneFam"
239500,2020,0,14,3,1128,2,2,1,"OneFam"
131000,2016,0,2,4,0,2,1,1,"OneFam"
118964,1535,0,30,4,0,2,2,0,"Duplex"
153337,1224,275,30,2,1086,2,0,2,"Duplex"
147983,2228,0,30,6,0,2,2,0,"Duplex"
118858,1535,0,30,4,0,2,2,0,"Duplex"
118858,1535,0,30,4,0,2,2,0,"Duplex"
142953,2240,0,30,6,0,2,2,0,"Duplex"
148325,1229,216,30,2,1094,2,0,2,"Duplex"
113722,1513,0,30,4,0,2,2,0,"Duplex"
269500,2787,23,9,6,1168,4,4,2,"Duplex"
269500,2787,23,9,6,1168,4,4,2,"Duplex"
269500,2787,23,9,6,1168,4,4,2,"Duplex"
323262,1680,242,0,1,1555,3,1,1,"OneFam"
297000,1718,336,1,3,1705,3,2,1,"OneFam"
295493,1630,270,1,3,1622,3,2,1,"OneFam"
332000,1720,364,1,3,1720,3,2,1,"OneFam"
239900,1468,0,1,3,1468,3,2,1,"OneFam"
212000,1768,0,2,3,866,2,2,0,"OneFam"
272500,1838,352,1,3,1838,2,2,2,"OneFam"
239000,1800,0,2,2,1800,2,2,0,"OneFam"
220000,1604,180,3,3,1604,2,2,1,"OneFam"
200000,1290,0,2,2,1282,2,2,1,"OneFam"
221800,1254,140,1,2,1254,3,2,0,"OneFam"
194500,1232,82,2,2,1232,2,2,0,"OneFam"
237000,1498,76,3,3,1498,3,2,1,"OneFam"
173000,1422,0,3,3,704,2,2,1,"OneFam"
275000,1644,145,20,2,1518,2,2,1,"OneFam"
233500,1759,0,16,3,1449,2,2,1,"OneFam"
185000,2126,0,42,3,1013,2,2,0,"OneFam"
152000,1040,0,13,3,1040,2,1,0,"OneFam"
143000,990,0,15,3,990,1,1,0,"OneFam"
231500,1764,0,12,3,928,2,2,0,"OneFam"
212000,1661,0,13,3,799,2,2,1,"OneFam"
207000,1463,0,11,3,1463,2,2,0,"OneFam"
145000,1097,0,14,3,1097,2,1,0,"OneFam"
138000,990,0,14,3,990,2,1,0,"OneFam"
197900,1779,0,11,3,866,2,2,0,"OneFam"
204000,1501,183,10,3,1490,2,2,0,"OneFam"
192000,1431,0,10,3,1431,2,2,0,"OneFam"
200000,1772,120,11,3,928,2,2,1,"OneFam"
195000,1660,95,7,3,831,2,2,0,"OneFam"
227000,1573,110,7,3,1573,2,2,0,"OneFam"
230000,1840,0,8,3,944,2,2,0,"OneFam"
187100,1430,0,7,3,1413,2,2,0,"OneFam"
203000,1444,68,8,3,1431,2,2,0,"OneFam"
201000,1492,180,8,3,1492,2,2,1,"OneFam"
124000,1040,136,31,3,1040,0,2,0,"OneFam"
140000,907,76,31,3,907,1,1,0,"OneFam"
134900,914,40,30,2,914,2,1,0,"OneFam"
150500,1040,0,1,3,1040,2,2,0,"OneFam"
136500,864,90,4,3,864,1,1,0,"OneFam"
143500,1268,0,20,3,1268,1,1,0,"OneFam"
133500,864,0,37,3,864,1,1,1,"OneFam"
123000,894,0,37,2,894,2,1,0,"OneFam"
133900,768,0,6,2,768,1,1,0,"OneFam"
133000,768,0,2,2,768,2,1,0,"OneFam"
250000,1611,0,7,3,1569,3,2,0,"OneFam"
254750,2184,198,6,4,1068,2,2,1,"OneFam"
236500,1788,0,8,3,1753,2,2,1,"OneFam"
261500,1872,108,8,3,1299,2,2,1,"OneFam"
313000,2153,204,9,3,1440,3,2,2,"OneFam"
198500,1725,0,7,3,840,2,2,0,"OneFam"
211000,1870,0,8,3,944,2,2,0,"OneFam"
220000,1513,260,9,2,1462,2,2,1,"OneFam"
203000,1504,196,13,3,1504,2,2,1,"OneFam"
279500,1828,164,6,3,1822,2,2,1,"OneFam"
210000,1417,209,11,3,1417,2,2,1,"OneFam"
219500,2034,573,11,3,1057,2,2,0,"OneFam"
191000,1716,0,13,2,880,2,2,1,"OneFam"
178000,1212,0,8,3,1212,2,2,0,"OneFam"
213000,1630,171,8,3,1630,2,2,1,"OneFam"
144000,848,170,5,1,848,2,1,0,"TwnhsE"
140000,848,170,6,1,848,2,1,0,"TwnhsE"
293200,1602,180,2,3,1578,3,2,1,"OneFam"
190000,1728,0,5,3,864,2,2,0,"OneFam"
190000,1500,210,5,3,1500,2,2,0,"OneFam"
173500,1476,0,4,3,738,2,2,0,"OneFam"
170000,1396,0,2,3,608,2,2,1,"OneFam"
108000,1126,0,6,2,0,2,2,0,"OneFam"
167000,1486,0,10,3,1486,2,1,0,"OneFam"
100000,816,0,51,2,816,1,1,1,"OneFam"
198500,1922,500,6,4,0,2,3,1,"OneFam"
159500,1426,140,32,3,690,2,1,0,"OneFam"
127000,1149,0,38,3,1014,1,1,0,"OneFam"
125000,1125,255,33,3,1041,1,1,1,"OneFam"
320000,1698,340,1,3,1698,3,2,1,"OneFam"
145500,1072,80,3,2,547,2,1,0,"TwnhsE"
118000,698,0,1,2,698,0,1,0,"OneFam"
85000,876,0,50,3,876,1,1,0,"OneFam"
120000,1368,0,59,3,1078,1,1,0,"OneFam"
98000,1529,0,59,4,0,1,2,0,"OneFam"
99900,864,0,59,2,864,0,1,0,"OneFam"
82000,944,0,57,2,0,2,1,0,"OneFam"
119900,1678,74,50,6,1678,0,2,0,"Duplex"
103500,1560,259,53,2,1150,1,1,1,"OneFam"
112000,960,0,53,3,672,1,1,0,"OneFam"
110000,1196,0,9,3,684,2,1,0,"OneFam"
122000,1298,0,59,3,720,1,1,2,"OneFam"
117000,1604,0,49,3,984,2,2,0,"OneFam"
160000,1268,88,59,3,832,1,1,2,"OneFam"
159434,1520,0,9,3,793,1,1,0,"OneFam"
60000,438,0,59,1,290,1,1,0,"OneFam"
139500,1489,0,59,3,778,1,2,1,"OneFam"
197000,3082,0,39,5,824,2,2,2,"OneFam"
105000,1242,0,59,3,583,1,1,1,"OneFam"
135000,1981,0,59,4,1122,2,2,2,"OneFam"
147500,1232,0,9,3,816,2,1,1,"OneFam"
137450,1608,0,19,3,976,1,2,1,"OneFam"
155000,1135,0,2,3,560,2,1,0,"OneFam"
177000,1913,0,59,3,896,2,1,1,"OneFam"
145000,1477,0,59,3,861,1,2,1,"OneFam"
137000,1228,0,19,3,600,1,1,1,"OneFam"
234000,2080,0,5,3,1276,1,1,2,"OneFam"
205000,1567,0,59,2,840,2,1,2,"OneFam"
177500,1494,0,59,3,771,1,1,2,"OneFam"
160000,1308,0,59,2,728,1,1,2,"OneFam"
155000,1273,0,49,2,1273,1,1,0,"OneFam"
163500,964,0,3,2,876,2,1,0,"OneFam"
154900,1343,0,59,3,731,1,1,1,"OneFam"
205000,2480,0,59,5,920,2,2,2,"Duplex"
144800,1112,0,55,2,1112,1,1,1,"OneFam"
174500,1564,0,59,3,704,1,1,1,"OneFam"
193000,1561,132,49,3,1561,2,2,1,"OneFam"
158000,1523,0,4,3,1067,1,2,1,"OneFam"
158500,1152,0,5,3,1092,1,1,1,"OneFam"
224000,1906,420,55,3,1310,2,1,2,"OneFam"
115000,1032,0,29,2,516,2,1,1,"Twnhs"
137000,1229,0,17,2,561,2,1,1,"TwnhsE"
121000,1229,0,29,2,561,2,1,1,"Twnhs"
124000,1229,0,29,2,561,2,1,1,"TwnhsE"
208000,1982,242,23,3,572,2,2,1,"OneFam"
315000,2365,0,0,3,1803,2,2,2,"OneFam"
222000,1680,260,2,3,880,2,2,1,"OneFam"
147000,1344,0,12,3,672,1,1,0,"OneFam"
123000,2168,0,16,5,760,2,2,0,"OneFam"
78000,1192,0,59,3,596,1,1,0,"OneFam"
85000,1526,0,27,2,1013,0,1,0,"OneFam"
75000,572,0,59,2,572,1,1,0,"OneFam"
230000,1648,174,1,2,1596,2,2,1,"TwnhsE"
57625,810,0,59,1,0,1,1,0,"OneFam"
251000,2052,0,8,3,1107,3,2,1,"OneFam"
239686,2149,0,6,1,1434,2,1,1,"OneFam"
240000,1710,108,4,3,1710,2,2,1,"OneFam"
215000,1961,0,7,3,804,2,2,1,"OneFam"
156450,926,0,32,2,902,1,1,1,"OneFam"
173000,1287,0,32,2,957,2,1,2,"OneFam"
126000,1734,0,32,4,0,2,2,0,"Duplex"
173000,1217,0,18,3,1188,2,2,0,"OneFam"
152000,1595,0,18,2,1582,2,2,0,"OneFam"
137500,1344,541,51,3,819,2,1,1,"OneFam"
375000,2036,0,44,3,2136,2,2,2,"OneFam"
315500,1620,70,1,2,1620,3,2,1,"OneFam"
224500,1692,0,0,3,846,2,2,0,"OneFam"
410000,2036,246,1,3,2190,3,2,1,"OneFam"
316500,1641,406,1,3,1641,3,2,0,"OneFam"
201000,1466,0,2,3,1466,3,2,0,"OneFam"
175000,1412,0,21,3,1392,2,2,1,"OneFam"
204000,2237,0,3,3,712,2,2,1,"OneFam"
213500,1479,310,20,3,1645,2,2,1,"OneFam"
220000,1296,136,7,2,1267,2,2,0,"OneFam"
170000,2014,0,6,3,912,2,2,0,"OneFam"
315000,1838,584,3,2,1838,3,2,1,"OneFam"
425000,1978,290,2,2,1978,3,2,1,"OneFam"
139500,1008,182,41,3,1008,1,1,0,"OneFam"
115000,1771,75,3,3,0,2,1,1,"OneFam"
162000,1204,320,11,2,1204,2,2,0,"TwnhsE"
165000,1224,425,10,2,1224,2,2,0,"TwnhsE"
91000,988,0,36,2,462,1,1,0,"Twnhs"
130000,874,0,41,3,864,1,1,0,"OneFam"
86000,630,0,7,1,630,1,1,0,"Twnhs"
160000,1404,176,9,3,1188,2,2,1,"OneFam"
80000,630,0,39,1,630,1,1,0,"TwnhsE"
97000,1344,0,1,3,546,0,1,1,"Twnhs"
88000,1092,0,39,3,546,1,1,0,"TwnhsE"
131900,796,0,37,2,796,1,1,0,"OneFam"
131250,1091,0,13,2,384,1,1,0,"OneFam"
165500,1110,104,31,1,1097,2,1,1,"OneFam"
112000,833,0,24,3,833,0,1,0,"OneFam"
149000,883,0,16,2,828,2,1,1,"OneFam"
143000,1362,0,14,1,796,2,1,0,"OneFam"
130000,1287,0,17,3,624,2,1,0,"OneFam"
196000,1567,0,32,2,1567,2,2,2,"OneFam"
173000,1632,178,40,4,784,2,1,1,"OneFam"
176500,1414,0,6,3,1184,2,1,1,"OneFam"
237500,2117,0,38,4,1205,2,2,2,"OneFam"
206900,2112,0,39,4,952,2,2,2,"OneFam"
187500,1604,0,10,3,926,2,2,1,"OneFam"
165000,1470,119,12,3,680,2,2,1,"OneFam"
195500,1604,0,10,3,926,2,2,0,"OneFam"
192000,1638,0,10,3,943,2,2,2,"OneFam"
173000,1636,0,12,3,916,2,2,1,"OneFam"
177900,1384,0,11,3,1348,2,2,0,"OneFam"
175000,1446,0,11,3,729,2,2,1,"OneFam"
286000,1593,0,6,0,1593,2,1,1,"TwnhsE"
247900,1682,0,11,1,1664,2,1,1,"OneFam"
180000,1337,0,15,2,1337,2,2,1,"TwnhsE"
180000,1280,0,16,2,1280,2,2,0,"TwnhsE"
181000,1604,0,10,3,926,2,2,1,"OneFam"
183000,1633,0,10,3,932,2,2,1,"OneFam"
188000,1658,0,12,3,773,2,2,1,"OneFam"
194500,1895,0,12,3,712,2,2,1,"OneFam"
185000,1709,194,17,3,836,2,2,0,"OneFam"
189000,1228,0,19,2,1228,2,2,1,"TwnhsE"
188500,1337,0,19,2,1337,2,2,1,"TwnhsE"
355000,2500,130,3,5,1168,3,3,1,"OneFam"
325000,2504,245,1,4,1122,3,2,1,"OneFam"
387000,1884,296,4,2,1884,3,2,1,"OneFam"
115000,1474,0,56,3,1632,2,1,2,"OneFam"
334000,1710,178,1,2,1710,2,2,1,"TwnhsE"
133000,1488,44,58,3,1488,2,2,1,"OneFam"
215000,2093,123,17,3,791,2,2,1,"OneFam"
226500,1688,102,20,2,1675,2,2,1,"OneFam"
175500,1422,210,27,3,1422,2,2,1,"OneFam"
181900,1260,174,25,3,1260,2,2,0,"OneFam"
235000,2064,383,30,3,2048,2,2,2,"OneFam"
220000,1782,194,29,3,1782,2,2,1,"OneFam"
272000,2872,424,13,4,1330,2,2,1,"OneFam"
161000,1211,621,32,3,1211,2,2,1,"OneFam"
175000,1126,0,31,3,1126,2,2,0,"OneFam"
185000,2044,280,20,3,738,2,2,1,"OneFam"
146900,1308,0,39,3,720,2,1,0,"OneFam"
292500,2840,168,30,4,1420,4,2,2,"OneFam"
180000,1523,160,32,3,1193,2,2,1,"OneFam"
159900,1444,120,32,2,1444,2,2,1,"OneFam"
205000,1964,660,32,4,803,2,2,1,"OneFam"
157000,1178,0,8,3,1176,2,1,1,"OneFam"
306000,2340,402,12,4,1236,3,2,1,"OneFam"
133000,1792,0,34,4,896,2,2,0,"Duplex"
151000,1054,0,39,3,1054,2,1,0,"OneFam"
111900,936,72,39,2,936,1,1,0,"OneFam"
123000,864,0,37,3,864,2,1,0,"OneFam"
111250,864,0,36,3,864,2,1,0,"OneFam"
181000,1337,0,9,2,1405,2,2,0,"TwnhsE"
103400,987,359,35,2,483,1,1,0,"Twnhs"
100000,987,158,35,2,483,1,1,0,"Twnhs"
100500,987,422,36,2,483,1,1,0,"Twnhs"
106000,987,127,38,2,483,1,1,0,"Twnhs"
85400,987,232,37,2,483,1,1,0,"Twnhs"
89500,987,604,37,2,483,1,1,0,"TwnhsE"
111750,1302,356,36,3,630,1,2,0,"Twnhs"
140000,1069,0,31,2,1069,2,2,0,"TwnhsE"
143000,1456,0,33,4,855,2,2,0,"TwnhsE"
148500,1055,0,31,2,1055,2,2,0,"Twnhs"
110000,892,65,42,3,864,1,1,0,"OneFam"
394617,1932,426,0,2,1932,3,2,1,"OneFam"
426000,2332,272,0,3,1682,3,2,1,"OneFam"
385000,2084,816,0,2,2078,3,2,1,"OneFam"
446261,2713,268,0,3,1452,3,2,1,"OneFam"
317500,1582,302,1,3,1582,3,2,0,"OneFam"
372402,1710,436,0,2,1710,3,2,1,"OneFam"
417500,2464,554,1,4,2418,3,2,1,"OneFam"
383000,1950,480,1,2,1950,3,2,1,"OneFam"
390000,2748,270,2,4,1850,3,2,1,"OneFam"
460000,2790,468,2,4,1620,4,2,1,"OneFam"
379000,2331,368,3,3,1414,3,2,1,"OneFam"
250000,2088,108,1,4,948,3,2,1,"OneFam"
316000,2332,126,4,4,1148,3,2,1,"OneFam"
615000,2470,680,5,1,2535,3,1,2,"OneFam"
412500,2668,664,4,3,1572,3,2,2,"OneFam"
284000,2046,292,4,3,998,3,2,1,"OneFam"
284000,1575,504,4,2,1603,3,2,1,"OneFam"
421250,2649,1110,6,4,1479,3,2,1,"OneFam"
370000,2690,221,5,4,1765,3,2,1,"OneFam"
336860,1866,492,0,2,1858,3,2,1,"TwnhsE"
367294,1702,766,0,1,1702,3,1,1,"TwnhsE"
192000,1367,144,3,2,1367,2,2,1,"TwnhsE"
274000,1518,472,4,1,1518,2,1,1,"TwnhsE"
266000,1684,616,3,2,1684,2,2,1,"TwnhsE"
370967,1800,714,0,2,1800,3,2,1,"TwnhsE"
234250,1342,176,1,2,1342,2,2,1,"TwnhsE"
219500,1342,196,1,2,1342,2,2,1,"TwnhsE"
155000,1626,106,4,2,764,2,2,0,"Twnhs"
154000,1626,106,4,2,764,2,2,0,"Twnhs"
207000,1358,146,4,2,1358,2,2,1,"TwnhsE"
195000,1455,143,5,2,1415,3,2,1,"TwnhsE"
219990,1576,24,4,2,1393,3,2,1,"TwnhsE"
191000,1504,14,2,2,1346,2,2,1,"TwnhsE"
159895,1266,16,1,2,1266,2,2,1,"OneFam"
187687,1246,20,0,2,1146,2,2,1,"OneFam"
179000,1515,0,4,3,789,2,2,1,"OneFam"
193000,1593,0,4,3,839,2,2,1,"OneFam"
190000,1166,182,3,2,856,2,2,0,"OneFam"
176000,1456,0,3,3,728,2,2,0,"OneFam"
188000,1720,0,5,3,840,2,2,1,"OneFam"
213000,1986,196,5,4,847,2,2,1,"OneFam"
217300,1358,176,0,2,1350,2,2,1,"TwnhsE"
186500,1792,318,8,3,936,2,2,1,"OneFam"
226750,1892,647,7,3,982,2,2,1,"OneFam"
184000,1490,0,3,3,788,2,2,1,"OneFam"
176000,1414,0,6,3,707,2,2,1,"OneFam"
225000,2322,0,8,4,1037,2,2,1,"OneFam"
185900,1651,0,9,3,831,2,2,1,"OneFam"
284500,2199,1290,11,3,1173,2,2,1,"OneFam"
315000,2630,473,10,4,1470,3,2,1,"OneFam"
250000,2198,350,8,4,1145,3,2,1,"OneFam"
291000,2172,295,8,4,1519,3,2,1,"OneFam"
350000,2006,495,10,2,1982,3,2,1,"OneFam"
279500,2125,0,11,4,1064,2,2,2,"OneFam"
290000,2501,466,13,4,1242,3,2,1,"OneFam"
350000,2113,660,13,2,2109,3,2,1,"OneFam"
341000,2418,651,14,3,1311,3,2,1,"OneFam"
287500,2197,320,14,4,1080,3,2,1,"OneFam"
271000,2127,448,14,3,1223,2,2,2,"OneFam"
301500,1987,554,14,2,1986,2,2,1,"OneFam"
235128,1580,186,0,3,1580,3,2,0,"OneFam"
214000,1933,74,1,4,894,3,2,1,"OneFam"
232000,1574,53,2,3,1574,3,2,1,"OneFam"
240000,1578,128,2,3,1578,3,2,1,"OneFam"
264132,1506,284,0,2,1498,2,2,1,"OneFam"
245000,1563,468,1,3,1563,3,2,1,"OneFam"
227680,1428,256,0,3,1417,2,2,0,"OneFam"
257000,1861,156,1,3,1341,3,3,1,"OneFam"
297900,1874,310,0,3,955,3,2,1,"OneFam"
247000,1460,0,1,3,1460,2,2,1,"OneFam"
212700,1372,0,0,3,1363,2,2,0,"OneFam"
250580,1372,0,0,3,1372,2,2,0,"OneFam"
182000,1428,0,0,3,1428,2,2,0,"OneFam"
226700,1768,0,3,3,866,2,2,0,"OneFam"
250000,1992,768,4,3,1053,2,2,1,"OneFam"
250000,1958,0,3,3,1026,3,2,1,"OneFam"
339750,2078,100,0,3,1034,3,2,1,"OneFam"
205950,1665,0,1,3,813,2,2,0,"OneFam"
256000,1660,292,1,3,1660,3,2,1,"OneFam"
230348,1218,210,0,2,1218,2,2,0,"OneFam"
207500,1728,0,5,3,864,2,2,0,"OneFam"
141000,1080,120,3,3,1080,0,1,0,"OneFam"
188000,1696,0,5,3,835,2,2,0,"OneFam"
192500,1663,95,4,3,835,2,2,0,"OneFam"
146000,1175,126,2,3,1175,0,1,0,"OneFam"
159000,1114,0,4,3,1114,2,1,0,"OneFam"
155000,1114,0,4,3,1114,2,1,0,"OneFam"
173000,1640,0,4,3,798,2,2,0,"OneFam"
170000,1162,0,1,3,1162,2,2,0,"OneFam"
182000,1609,38,13,3,754,2,2,0,"OneFam"
163000,1680,120,14,3,886,2,2,0,"OneFam"
193500,1679,258,10,3,1408,2,2,1,"OneFam"
189000,1657,145,13,3,832,2,2,0,"OneFam"
190500,1677,0,7,3,827,2,2,0,"OneFam"
175000,1737,0,16,3,836,2,2,0,"OneFam"
179200,1294,88,17,3,1278,2,2,0,"OneFam"
187000,1710,120,15,3,832,2,2,0,"OneFam"
193000,1617,0,14,2,1604,2,2,1,"TwnhsE"
153900,1199,0,15,2,1199,2,2,0,"TwnhsE"
128000,984,0,45,3,984,1,1,1,"OneFam"
144000,912,0,46,2,912,1,1,0,"OneFam"
135000,864,0,1,3,864,1,1,1,"OneFam"
115000,890,0,40,3,890,1,1,0,"TwoFmCon"
119916,864,0,45,3,864,1,1,0,"OneFam"
142000,912,0,12,3,912,1,1,0,"OneFam"
192000,1430,144,34,3,1430,2,2,2,"OneFam"
140000,1641,0,36,4,1001,2,2,1,"OneFam"
290000,2683,304,17,4,930,2,2,2,"OneFam"
372500,2786,568,14,4,1848,2,2,1,"OneFam"
196000,1391,0,4,2,1391,2,2,0,"TwnhsE"
171900,1250,0,1,2,625,2,2,0,"TwnhsE"
178000,1245,0,3,1,1235,2,2,0,"TwnhsE"
165000,1200,0,3,2,600,2,2,0,"TwnhsE"
146000,1392,0,1,2,689,2,2,0,"TwnhsE"
146000,1392,0,1,2,689,2,2,0,"TwnhsE"
179400,1501,360,9,3,744,2,2,0,"Twnhs"
172900,1549,216,9,3,744,2,2,0,"Twnhs"
300000,1638,260,8,2,1614,2,2,1,"TwnhsE"
285000,1310,179,7,1,1310,2,1,1,"TwnhsE"
290000,1419,0,7,2,1419,2,1,1,"TwnhsE"
305000,1557,260,8,2,1557,2,2,1,"TwnhsE"
328900,1709,60,8,2,1698,2,2,1,"TwnhsE"
160000,1252,212,8,2,600,2,2,0,"Twnhs"
170000,1404,216,8,3,672,2,2,0,"Twnhs"
223000,1789,513,7,3,858,2,2,1,"OneFam"
170000,1586,466,9,3,960,2,2,0,"Twnhs"
200000,1607,456,8,3,960,2,2,0,"Twnhs"
345000,2393,0,9,2,970,2,2,1,"TwnhsE"
245500,1288,0,12,1,1260,2,1,2,"TwnhsE"
217500,1239,0,13,1,1230,2,1,1,"TwnhsE"
324000,1719,0,15,1,1719,2,1,2,"TwnhsE"
162500,1232,0,24,3,1232,2,2,0,"OneFam"
150000,2944,1050,31,3,994,3,2,1,"OneFam"
290000,1671,0,1,3,1426,2,3,1,"OneFam"
205000,1812,0,6,3,952,2,2,1,"OneFam"
174000,1682,288,38,3,1304,2,2,1,"OneFam"
183000,1427,0,39,4,1427,2,2,0,"OneFam"
150000,1740,0,40,4,1740,2,1,1,"OneFam"
145000,1258,144,4,3,1258,2,2,0,"OneFam"
215000,1620,0,41,4,1620,2,2,1,"OneFam"
140500,1625,0,43,4,1625,2,2,0,"Duplex"
240000,2614,0,11,4,1522,2,2,1,"OneFam"
141000,1464,0,40,4,732,2,1,0,"OneFam"
147000,912,300,0,2,912,2,1,0,"OneFam"
135000,925,0,3,3,912,2,1,0,"OneFam"
145000,1728,0,43,6,1728,2,2,0,"Duplex"
142600,1728,108,43,6,1728,2,2,0,"Duplex"
135000,1656,564,35,4,1656,2,2,0,"Duplex"
170000,1670,0,37,4,825,2,1,0,"OneFam"
299800,2715,289,12,4,1142,2,3,2,"OneFam"
185000,1876,270,34,4,901,2,2,1,"OneFam"
173000,1632,252,8,4,800,2,1,0,"OneFam"
178400,999,210,1,3,944,2,1,0,"OneFam"
176000,1978,342,40,4,832,2,2,1,"OneFam"
98000,1014,0,52,2,0,1,1,0,"OneFam"
109008,907,0,51,3,907,1,1,0,"OneFam"
135750,952,0,52,2,952,1,1,0,"OneFam"
155000,1128,148,45,3,1120,2,2,0,"OneFam"
180500,1425,272,44,3,1425,2,2,1,"OneFam"
174900,1165,183,42,3,1127,2,1,0,"OneFam"
140000,1136,0,43,3,1136,1,1,1,"OneFam"
145000,1092,260,44,3,1092,2,1,0,"OneFam"
179900,1265,0,9,3,1219,2,2,1,"OneFam"
168500,1350,259,44,3,1248,2,1,0,"OneFam"
140000,1114,0,47,3,1114,2,1,0,"OneFam"
145500,1053,54,2,3,1053,1,1,0,"OneFam"
142000,1252,243,49,3,1252,2,1,0,"OneFam"
141000,1100,0,48,3,1100,1,1,1,"OneFam"
153000,1118,0,8,3,1118,1,1,0,"OneFam"
72500,720,0,58,2,0,1,1,0,"OneFam"
52000,729,0,5,2,270,0,1,0,"OneFam"
118000,1077,0,58,2,991,1,1,2,"TwoFmCon"
87000,906,0,58,2,348,1,1,0,"OneFam"
141500,1496,203,48,3,1296,2,2,0,"OneFam"
119000,1252,0,58,3,1032,1,1,0,"OneFam"
141500,1337,0,2,3,572,1,1,1,"OneFam"
165500,1661,0,12,3,992,1,1,1,"OneFam"
112900,1036,88,55,3,1036,1,1,0,"OneFam"
201800,1820,288,20,4,864,2,1,2,"OneFam"
163000,1362,491,47,3,1362,2,1,1,"OneFam"
139950,1144,136,47,3,1144,2,1,0,"OneFam"
174000,1537,237,3,3,1319,2,1,1,"OneFam"
165000,1431,305,46,3,1099,1,1,1,"OneFam"
227000,1988,410,9,4,1104,2,2,1,"OneFam"
135000,1098,151,53,3,1098,1,1,0,"OneFam"
124000,1144,0,45,3,1144,1,1,0,"OneFam"
140000,1283,0,28,3,931,2,1,0,"OneFam"
136500,1176,143,51,3,1176,1,1,2,"OneFam"
185000,1440,0,10,2,1248,1,2,0,"OneFam"
163000,1261,0,50,3,1261,2,1,1,"OneFam"
166800,1570,187,50,3,1395,2,1,1,"OneFam"
139000,1196,74,52,2,1196,1,1,1,"OneFam"
166000,1392,387,51,3,1392,2,1,2,"OneFam"
136000,1080,135,50,3,1080,1,1,0,"OneFam"
133000,1104,0,50,3,1104,1,1,0,"OneFam"
116000,882,52,56,2,720,1,1,0,"OneFam"
137500,1152,84,55,3,1152,2,1,0,"OneFam"
130000,950,0,55,2,984,2,1,0,"OneFam"
180000,1790,360,51,3,998,2,2,2,"OneFam"
139000,952,0,57,2,952,2,1,0,"OneFam"
110000,773,0,55,2,773,1,1,0,"OneFam"
100000,1764,0,26,4,0,1,2,1,"OneFam"
118500,1216,0,58,2,832,1,1,0,"OneFam"
146000,1824,0,51,5,1824,2,2,0,"Duplex"
89900,869,0,58,1,0,1,1,0,"OneFam"
114000,1159,0,58,3,747,1,1,0,"OneFam"
140000,1558,0,58,3,913,1,1,1,"OneFam"
86900,672,0,3,2,672,1,1,0,"OneFam"
139000,1436,0,58,3,892,4,1,1,"OneFam"
106250,1294,0,8,3,0,0,2,0,"TwoFmCon"
171000,1716,318,46,4,858,2,1,1,"OneFam"
139000,1044,0,40,3,912,2,1,1,"OneFam"
186000,1312,125,7,3,1312,2,1,1,"OneFam"
157000,1253,212,48,2,1253,1,1,1,"OneFam"
148000,1081,276,15,3,1081,1,1,0,"OneFam"
242000,2069,0,1,4,585,2,2,1,"OneFam"
116000,910,0,12,3,105,2,1,0,"OneFam"
94000,876,0,57,2,876,2,1,1,"OneFam"
98300,1048,0,58,3,0,2,1,0,"OneFam"
127000,1507,0,48,4,1075,1,2,0,"OneFam"
159000,1256,0,49,3,1256,1,1,0,"OneFam"
125900,1027,0,46,3,1027,1,1,0,"OneFam"
155000,1269,0,48,3,1269,1,1,1,"OneFam"
138000,1320,0,58,3,768,2,2,0,"OneFam"
112500,984,0,54,2,936,1,1,0,"OneFam"
105500,832,0,54,2,832,2,1,0,"OneFam"
127500,1278,0,54,4,854,1,1,0,"OneFam"
130000,1800,0,47,6,1800,0,2,0,"Duplex"
150000,1588,0,41,3,768,2,1,0,"OneFam"
109500,825,0,54,2,825,1,1,0,"OneFam"
140000,1796,415,45,4,780,2,1,1,"OneFam"
167900,1611,360,44,4,780,2,1,0,"OneFam"
136870,1117,0,45,3,1117,1,1,0,"OneFam"
143000,1133,0,0,3,192,1,1,0,"OneFam"
73000,764,0,4,2,680,2,1,0,"OneFam"
157500,1539,0,6,3,650,2,2,1,"OneFam"
122600,1323,0,3,3,780,2,1,0,"OneFam"
111000,1360,0,5,2,680,1,1,0,"OneFam"
256000,2792,0,58,5,1510,2,2,2,"OneFam"
64000,672,0,58,2,672,1,1,0,"OneFam"
139500,1456,0,3,4,728,1,1,0,"OneFam"
118000,1594,0,12,3,828,0,2,0,"TwoFmCon"
200000,2082,0,5,3,1362,2,2,0,"OneFam"
119164,1656,0,23,2,801,2,2,0,"OneFam"
122250,1740,0,58,2,936,1,1,1,"OneFam"
120000,1027,0,2,2,931,0,1,1,"OneFam"
155000,1436,0,58,3,884,2,2,2,"TwoFmCon"
78000,899,0,58,2,481,1,1,0,"OneFam"
95000,1080,0,12,3,684,0,1,0,"OneFam"
115000,789,0,58,2,789,1,1,0,"OneFam"
147000,1122,0,3,2,924,2,1,0,"OneFam"
140000,1499,0,58,3,904,3,1,1,"OneFam"
46500,407,0,58,1,407,1,1,0,"OneFam"
112500,928,0,51,3,928,1,1,0,"OneFam"
107900,901,0,8,2,901,1,1,0,"OneFam"
65000,1588,0,16,5,448,0,2,0,"OneFam"
295000,3493,0,6,3,1470,3,3,1,"OneFam"
139500,1627,0,2,4,797,2,2,0,"TwoFmCon"
153900,1416,0,58,4,876,3,1,1,"OneFam"
132000,1450,0,43,3,624,1,1,0,"OneFam"
98000,1344,0,58,4,624,3,1,0,"OneFam"
114000,1017,0,5,2,346,1,1,0,"OneFam"
130000,2350,0,48,4,973,2,2,0,"TwoFmCon"
129500,2058,0,58,3,735,2,1,1,"OneFam"
129400,1540,0,3,3,572,0,1,0,"OneFam"
161000,1378,0,3,3,689,2,2,1,"OneFam"
163000,1912,0,8,3,482,2,2,1,"TwoFmCon"
128000,1484,0,7,3,742,0,2,1,"OneFam"
122000,2358,0,21,4,684,0,2,0,"OneFam"
116900,1111,0,58,2,572,1,1,1,"OneFam"
325000,2775,0,8,3,1237,2,3,1,"OneFam"
55000,1086,0,58,2,723,2,1,0,"OneFam"
184000,2495,0,9,5,1313,2,2,1,"OneFam"
110000,984,164,49,2,984,1,1,0,"OneFam"
131500,1795,335,54,4,1050,1,2,0,"OneFam"
97000,882,0,52,2,0,1,1,0,"OneFam"
115500,1093,0,2,2,869,1,1,0,"OneFam"
138000,1143,0,25,2,1008,1,1,1,"OneFam"
108000,1668,0,58,3,672,1,1,0,"OneFam"
79500,935,0,48,2,742,1,1,0,"OneFam"
153000,1738,0,58,3,1024,1,2,1,"OneFam"
109500,784,0,58,2,784,0,1,0,"OneFam"
124000,1210,0,2,3,672,1,1,0,"OneFam"
106900,1290,0,8,3,554,1,1,0,"OneFam"
164900,1672,0,19,3,981,1,1,1,"OneFam"
119000,949,0,5,2,949,2,1,1,"OneFam"
120000,1158,0,58,3,862,1,1,1,"OneFam"
157000,1497,0,8,3,825,1,2,0,"OneFam"
105000,1342,0,58,2,739,1,2,1,"OneFam"
113000,1013,0,58,3,992,1,1,0,"OneFam"
115000,1216,0,11,3,565,1,1,1,"OneFam"
79000,896,0,58,2,0,1,1,0,"OneFam"
123000,1136,0,58,2,704,1,1,0,"OneFam"
81300,808,0,13,1,0,1,1,0,"OneFam"
162900,1573,0,16,3,1078,2,2,1,"OneFam"
150000,2009,0,58,4,989,2,2,1,"OneFam"
123500,1902,0,58,4,1100,2,2,0,"OneFam"
129900,1774,0,58,2,952,2,2,2,"OneFam"
128000,1362,0,9,3,611,2,2,0,"OneFam"
68500,520,0,58,1,520,1,1,0,"OneFam"
127000,1285,0,7,2,672,1,1,0,"OneFam"
207000,1848,0,8,4,833,2,1,1,"OneFam"
184000,1820,0,58,4,1026,1,2,0,"OneFam"
162500,1716,0,4,4,810,2,2,0,"OneFam"
145000,1505,0,26,3,883,1,1,0,"OneFam"
130000,838,0,8,2,816,1,1,0,"OneFam"
160000,1984,0,25,5,1242,1,2,0,"TwoFmCon"
161000,1666,0,12,3,588,1,1,1,"OneFam"
127500,1609,0,58,3,796,1,1,0,"OneFam"
93850,768,0,58,1,768,2,1,0,"OneFam"
136000,1536,0,56,4,768,1,1,0,"OneFam"
141000,1969,0,50,4,1272,2,2,1,"OneFam"
120000,1308,0,30,2,880,2,2,0,"OneFam"
127500,1040,0,16,2,1040,2,1,0,"OneFam"
127000,1236,0,58,3,768,1,2,1,"OneFam"
89500,1406,0,58,3,319,0,1,0,"OneFam"
125000,825,0,13,2,825,2,1,0,"OneFam"
79900,1198,0,10,4,901,0,1,0,"OneFam"
85000,759,0,17,1,451,2,1,0,"OneFam"
82375,1344,0,58,3,536,0,2,0,"TwoFmCon"
135000,1469,0,13,3,756,1,1,0,"OneFam"
124000,1054,0,15,3,1046,1,1,0,"OneFam"
134000,1211,0,40,3,952,1,1,1,"OneFam"
135000,1271,0,58,4,720,1,2,1,"OneFam"
134432,1588,0,49,4,0,2,2,1,"OneFam"
127500,1355,0,9,4,644,0,2,0,"TwoFmCon"
148000,1075,0,45,3,981,2,1,0,"OneFam"
129500,1040,0,43,3,1040,1,1,0,"OneFam"
157500,1096,39,30,3,1008,2,1,1,"OneFam"
109900,904,41,42,3,876,1,1,0,"OneFam"
145000,992,0,3,3,992,1,1,0,"OneFam"
130000,894,0,5,3,894,2,1,0,"OneFam"
153000,1034,40,30,3,450,2,1,1,"OneFam"
120000,1073,340,41,3,1073,1,1,0,"OneFam"
152000,1126,0,24,2,1060,2,1,0,"OneFam"
108959,1258,0,39,0,1198,2,0,0,"Duplex"
95541,1140,0,58,3,1300,2,1,0,"TwoFmCon"
80000,1006,0,49,3,1006,0,1,0,"OneFam"
149350,1228,0,2,3,1228,1,1,0,"OneFam"
144900,960,0,5,3,960,1,1,0,"OneFam"
185000,1188,0,52,1,988,2,1,1,"OneFam"
165000,1383,0,54,3,1383,1,1,1,"OneFam"
235000,1252,0,33,1,1602,2,1,1,"OneFam"
140000,1601,0,21,3,533,1,1,0,"OneFam"
108000,672,0,11,2,672,1,1,0,"OneFam"
145000,1721,275,48,3,988,2,2,2,"OneFam"
152400,1350,0,35,2,576,3,1,0,"OneFam"
144000,904,0,38,3,864,3,1,0,"OneFam"
173000,1291,0,11,2,1291,2,1,1,"OneFam"
192000,2022,299,31,4,1160,2,2,1,"OneFam"
245000,1524,0,29,3,1524,2,2,2,"OneFam"
241500,1363,0,3,2,1385,2,1,2,"OneFam"
256000,1663,0,14,2,1364,2,1,2,"OneFam"
177000,1357,84,2,2,1019,1,1,1,"OneFam"
125600,1079,0,58,2,570,1,1,1,"OneFam"
155000,1094,216,55,3,1094,2,1,2,"OneFam"
240000,2358,0,11,5,907,2,3,1,"OneFam"
260000,1518,0,1,2,1580,0,1,2,"OneFam"
185000,1674,0,58,4,1163,2,2,1,"OneFam"
235000,2108,0,22,4,1127,2,2,2,"OneFam"
159900,1509,0,52,3,1509,1,1,1,"OneFam"
99600,864,0,33,2,864,0,1,0,"Duplex"
134500,1269,216,7,3,621,1,1,0,"OneFam"
119000,1367,0,58,4,861,1,1,0,"OneFam"
107500,1347,0,17,3,1117,0,1,0,"TwoFmCon"
125000,1164,0,58,3,1164,1,1,0,"TwoFmCon"
79000,1096,0,58,2,572,0,1,0,"OneFam"
95000,1111,0,58,3,616,1,1,0,"OneFam"
262280,2329,99,18,4,1475,2,2,1,"OneFam"
260000,2814,190,6,4,1077,2,2,1,"OneFam"
226500,1626,251,14,3,1602,2,2,1,"OneFam"
225000,2200,0,14,4,812,2,2,1,"OneFam"
229000,2037,0,12,3,672,2,2,1,"OneFam"
177439,1356,0,1,3,628,2,2,1,"OneFam"
248500,1615,156,1,3,1615,3,2,1,"OneFam"
475000,2276,554,0,3,2271,3,2,2,"OneFam"
395039,1766,402,0,3,1751,3,2,2,"OneFam"
228000,2097,0,15,3,1080,3,2,1,"OneFam"
225000,1511,302,13,3,1401,3,2,1,"OneFam"
195000,1643,0,42,2,1182,2,2,1,"OneFam"
200000,1688,0,11,4,616,2,2,0,"OneFam"
155000,990,0,14,3,990,2,1,0,"OneFam"
144000,1099,0,2,3,1099,1,1,0,"OneFam"
145000,990,0,13,3,990,2,1,0,"OneFam"
226001,1418,150,10,3,1418,2,2,1,"OneFam"
215700,1771,128,11,3,864,2,2,0,"OneFam"
207500,1652,120,8,3,782,2,2,0,"OneFam"
193000,1790,158,9,3,873,2,2,0,"OneFam"
188000,1724,0,9,3,880,2,2,0,"OneFam"
191000,1479,125,8,3,1468,2,2,0,"OneFam"
221000,1494,99,6,3,1494,2,2,1,"OneFam"
231500,1792,172,7,3,963,2,2,1,"OneFam"
235000,1823,0,7,3,928,2,2,0,"OneFam"
223500,1786,162,6,3,920,2,2,1,"OneFam"
130250,938,0,28,3,938,1,1,0,"OneFam"
149900,985,220,31,3,985,1,2,0,"OneFam"
158000,1174,180,30,3,864,2,1,0,"OneFam"
147000,1026,0,30,3,940,2,1,0,"OneFam"
143195,1076,176,33,3,1076,2,1,1,"OneFam"
163000,1558,0,7,2,864,2,2,0,"OneFam"
110000,924,0,33,3,924,1,1,0,"OneFam"
127000,864,0,36,3,864,1,1,0,"OneFam"
124900,780,0,36,2,780,1,1,0,"OneFam"
230000,1795,281,6,3,1777,2,2,1,"OneFam"
237000,2031,0,6,3,1128,2,2,1,"OneFam"
235000,1865,0,8,3,992,3,2,1,"OneFam"
230500,2161,227,7,3,1257,2,2,1,"OneFam"
230000,1852,320,8,3,1004,3,2,2,"OneFam"
222500,2031,202,9,3,1153,2,2,1,"OneFam"
287000,2263,396,6,3,1055,2,2,1,"OneFam"
274000,1947,134,6,3,1357,3,2,1,"OneFam"
300000,1786,240,5,3,1778,3,2,1,"OneFam"
255900,2290,0,6,4,1128,2,2,1,"OneFam"
224900,1768,252,5,3,884,2,2,0,"OneFam"
240000,2327,0,5,4,1129,2,2,1,"OneFam"
183000,1640,0,5,3,798,2,2,0,"OneFam"
207000,1764,192,8,3,850,2,2,1,"OneFam"
210000,1908,0,13,4,915,2,2,1,"OneFam"
136500,848,170,5,1,848,2,1,0,"TwnhsE"
145000,848,205,4,1,848,2,1,0,"TwnhsE"
208900,1493,215,10,3,1478,2,2,1,"OneFam"
185000,1838,0,10,2,1838,3,2,0,"Duplex"
214000,1536,113,5,3,1536,2,2,0,"OneFam"
208500,1710,196,5,3,856,2,2,0,"OneFam"
186500,1445,50,4,3,1445,2,2,0,"OneFam"
210000,1436,266,4,3,1436,2,2,0,"OneFam"
185900,1582,0,4,3,770,2,2,0,"OneFam"
179900,1234,0,1,3,1234,2,2,0,"OneFam"
218836,1564,212,1,3,1564,3,2,0,"OneFam"
193000,1361,0,1,3,1351,2,2,0,"OneFam"
189000,1456,0,3,3,728,2,2,1,"OneFam"
149300,848,147,4,1,848,2,1,1,"TwnhsE"
141000,848,147,4,1,848,2,1,1,"TwnhsE"
149000,848,205,4,1,848,2,1,1,"TwnhsE"
144500,848,169,4,1,848,2,1,1,"TwnhsE"
85000,796,0,58,2,796,0,1,0,"OneFam"
145900,2200,0,5,4,1272,0,2,0,"Duplex"
123000,1092,0,42,3,1092,1,1,0,"OneFam"
147500,1256,0,43,3,1256,1,1,0,"OneFam"
165000,1033,222,32,3,456,2,1,0,"OneFam"
135000,1127,84,32,3,1127,2,1,1,"OneFam"
108000,996,0,39,3,996,0,1,1,"OneFam"
137500,1181,0,36,3,1138,2,2,0,"OneFam"
165400,1656,92,4,3,746,2,2,1,"OneFam"
147000,1117,0,31,3,1029,2,1,1,"OneFam"
160500,1398,0,7,3,684,2,1,1,"OneFam"
176000,1132,0,3,2,1132,2,1,0,"OneFam"
284700,3820,0,12,5,0,2,3,2,"OneFam"
160000,5642,796,0,3,6110,2,2,3,"OneFam"
148000,1072,80,3,2,547,2,1,0,"TwnhsE"
82000,1152,0,53,2,0,0,2,0,"Duplex"
82000,1152,0,53,2,0,0,2,0,"Duplex"
118000,1440,270,53,4,1440,0,2,0,"Duplex"
82500,1152,58,53,2,0,0,2,0,"Duplex"
91900,784,0,53,2,784,0,1,0,"TwoFmCon"
120000,1053,0,1,2,585,0,1,0,"OneFam"
96000,1137,0,15,4,0,0,1,0,"OneFam"
99000,930,115,55,2,911,1,1,0,"OneFam"
130500,1200,0,13,3,768,1,1,0,"OneFam"
135000,1470,0,36,4,941,1,2,0,"OneFam"
135500,1393,0,53,3,816,1,1,0,"OneFam"
100000,1204,0,54,3,416,1,1,0,"OneFam"
108000,1292,0,0,3,949,1,1,0,"OneFam"
98000,864,0,58,2,864,0,1,0,"OneFam"
67000,864,0,58,2,864,0,1,0,"OneFam"
135900,1716,0,8,6,780,0,2,0,"TwoFmCon"
140000,1482,0,58,4,672,1,2,0,"OneFam"
179500,2192,0,11,4,720,1,2,1,"OneFam"
136500,1694,0,58,4,1181,2,2,1,"OneFam"
168000,1424,174,58,2,1228,1,2,1,"OneFam"
130000,1964,0,58,4,940,0,1,0,"OneFam"
189000,2601,0,10,4,612,2,3,0,"OneFam"
161900,1920,0,58,4,960,2,2,2,"Duplex"
145000,1316,0,58,2,644,1,1,1,"OneFam"
191000,2555,0,14,3,588,2,2,1,"OneFam"
177000,1680,0,32,4,840,1,2,0,"OneFam"
147500,1264,0,13,3,676,2,1,0,"OneFam"
91000,790,0,58,2,768,1,1,0,"OneFam"
231000,1512,0,11,3,798,1,2,1,"OneFam"
115000,1639,0,58,3,1064,1,1,0,"OneFam"
138000,1603,0,58,4,784,2,1,1,"OneFam"
149000,1502,0,8,3,776,1,1,1,"OneFam"
188700,1660,0,13,3,715,1,1,1,"OneFam"
198000,1938,0,13,4,942,1,2,1,"OneFam"
110000,1374,0,58,3,884,1,1,0,"OneFam"
104000,1091,88,57,2,1091,1,1,1,"OneFam"
257076,1873,40,58,4,608,2,1,2,"OneFam"
381000,3447,632,11,4,728,3,3,2,"OneFam"
311500,1954,312,2,3,798,2,1,2,"OneFam"
263400,2161,0,8,3,832,2,2,2,"OneFam"
236500,1898,0,52,3,1898,2,2,2,"OneFam"
224000,1640,72,2,3,1296,2,1,1,"OneFam"
116500,1032,0,28,2,516,2,1,1,"Twnhs"
151000,1556,0,28,3,716,2,2,1,"Twnhs"
126000,919,0,10,2,894,1,1,0,"OneFam"
120000,1090,0,2,3,720,1,1,0,"OneFam"
55000,796,0,58,2,796,0,1,0,"OneFam"
120500,816,0,1,2,816,1,1,0,"OneFam"
120500,778,0,53,2,740,1,1,1,"OneFam"
119000,1200,0,58,4,780,0,1,0,"OneFam"
126000,1656,0,41,3,624,1,1,1,"OneFam"
99500,912,0,13,2,520,1,1,0,"OneFam"
165500,1955,162,50,4,1151,1,2,0,"OneFam"
13100,733,0,56,2,0,2,1,0,"OneFam"
89000,1361,0,58,2,173,1,1,0,"OneFam"
40000,1317,0,58,3,649,1,1,0,"OneFam"
80900,1049,0,8,2,356,1,1,0,"OneFam"
81000,894,0,58,2,894,3,1,0,"OneFam"
65000,864,0,58,3,592,1,1,0,"OneFam"
392500,1652,186,0,2,1600,2,2,1,"TwnhsE"
294464,1648,186,0,2,1596,2,2,1,"TwnhsE"
250000,1646,174,3,2,1594,2,2,1,"TwnhsE"
275000,1646,174,3,2,1594,2,2,1,"TwnhsE"
300000,2032,668,11,3,1840,3,3,0,"OneFam"
271000,1689,148,6,3,1568,3,2,2,"OneFam"
213000,1820,0,11,3,910,3,2,1,"OneFam"
171000,1118,0,31,3,1096,1,1,1,"OneFam"
171500,1279,0,31,3,1196,2,2,2,"OneFam"
100000,1872,0,32,4,0,2,2,0,"Duplex"
228500,1689,0,17,3,1680,2,2,1,"OneFam"
228950,1786,0,43,3,1499,2,2,2,"TwoFmCon"
241500,1501,340,22,2,1277,2,2,1,"TwnhsE"
287000,2898,0,32,2,1565,2,2,1,"OneFam"
294000,1537,258,1,3,1518,3,2,0,"OneFam"
293077,1646,338,0,3,1638,3,2,1,"OneFam"
264966,1780,0,1,3,920,2,2,1,"OneFam"
172500,1442,0,1,3,352,2,2,0,"OneFam"
167500,1394,0,1,3,384,2,2,0,"OneFam"
218689,1612,60,0,3,796,3,2,0,"OneFam"
150000,1495,128,19,3,1495,2,2,1,"OneFam"
184000,1651,132,22,3,1606,2,2,1,"OneFam"
180000,1256,228,22,3,1256,2,2,1,"OneFam"
175000,1509,219,19,3,1461,2,2,1,"OneFam"
232500,1440,206,5,3,1432,2,2,1,"OneFam"
195000,1675,0,8,3,1666,2,2,0,"OneFam"
305000,2262,226,5,4,1482,3,2,2,"OneFam"
298751,1728,0,1,3,1884,2,2,1,"OneFam"
370000,1964,674,2,3,1964,3,2,1,"OneFam"
209200,1344,200,10,2,1344,4,2,0,"Duplex"
206300,1344,200,10,2,1344,4,2,0,"Duplex"
146000,1092,0,0,2,1092,0,1,0,"OneFam"
160500,1189,197,11,2,1189,2,2,0,"TwnhsE"
173000,1200,98,44,3,1200,3,1,0,"OneFam"
124000,1040,0,33,3,1040,2,1,0,"TwnhsE"
115000,1304,0,32,3,264,1,1,1,"TwnhsE"
129500,1475,0,32,4,550,1,2,1,"TwnhsE"
105000,988,0,2,2,526,1,1,0,"Twnhs"
94900,988,0,35,1,462,1,1,1,"Twnhs"
152500,1160,0,40,3,1113,1,1,0,"OneFam"
98000,1092,0,1,3,546,0,2,0,"Twnhs"
81000,630,0,36,1,630,0,1,0,"Twnhs"
113000,988,0,54,2,988,2,1,0,"OneFam"
128500,816,0,25,2,816,1,1,0,"OneFam"
119500,923,0,23,3,876,1,1,0,"OneFam"
130500,816,0,0,3,816,1,1,1,"OneFam"
138000,816,0,5,2,816,2,1,0,"OneFam"
134500,845,0,3,3,845,1,1,0,"OneFam"
160000,1750,0,23,4,983,1,2,0,"OneFam"
137500,889,0,24,3,864,2,1,0,"OneFam"
172000,1968,232,39,4,784,2,2,1,"OneFam"
103000,1836,0,58,4,686,1,2,0,"OneFam"
167300,1587,302,36,3,1587,2,2,1,"OneFam"
167000,1277,0,37,2,1277,2,1,1,"OneFam"
244000,2223,1115,34,3,2223,2,2,2,"OneFam"
268000,2217,0,37,4,2217,2,2,1,"OneFam"
225000,1733,0,4,3,847,2,2,1,"OneFam"
168000,1572,0,11,3,806,2,2,1,"OneFam"
177000,1470,0,10,3,794,2,2,0,"OneFam"
169000,1600,0,10,3,916,2,2,1,"OneFam"
161500,1384,0,10,3,384,2,2,1,"OneFam"
251000,1652,0,7,2,1494,2,2,0,"TwnhsE"
160000,1694,32,13,3,392,2,2,1,"OneFam"
180000,1714,0,7,3,923,2,2,1,"OneFam"
178750,1553,0,11,3,691,2,2,0,"OneFam"
176000,1253,38,11,3,1237,2,2,1,"OneFam"
204000,2299,0,4,5,938,2,3,1,"OneFam"
160000,1187,52,14,3,1168,2,2,0,"OneFam"
160000,1472,76,15,3,384,2,2,1,"OneFam"
163900,1482,170,15,3,384,2,2,1,"OneFam"
168000,1642,0,13,3,903,2,2,1,"OneFam"
154204,1128,138,43,3,1302,2,1,1,"OneFam"
170000,1088,0,21,2,1074,2,1,0,"TwnhsE"
207500,2090,0,23,3,1190,2,2,1,"TwnhsE"
182000,1179,0,19,2,1166,2,2,0,"TwnhsE"
212000,1321,0,17,1,1312,2,1,1,"TwnhsE"
377426,1922,200,1,3,1922,3,2,1,"OneFam"
349265,2541,146,2,4,1149,3,3,1,"OneFam"
591587,2338,710,0,4,2660,3,2,2,"OneFam"
155000,1424,0,17,3,1100,3,1,0,"TwoFmCon"
319900,1612,165,1,2,1612,2,2,1,"TwnhsE"
392000,1419,0,0,2,1419,2,2,1,"OneFam"
441929,2234,945,1,1,2220,2,1,1,"OneFam"
455000,2042,250,0,3,1742,3,2,1,"OneFam"
182900,1440,310,26,3,1440,2,2,1,"OneFam"
174000,1284,0,23,3,1284,2,2,0,"OneFam"
178000,1868,74,4,3,585,2,3,1,"OneFam"
176000,1479,306,4,3,725,2,2,1,"OneFam"
213000,1664,67,22,3,1529,2,2,1,"OneFam"
192000,1930,549,28,4,780,2,2,1,"OneFam"
190000,1969,0,30,3,808,2,2,1,"OneFam"
195000,2030,298,31,4,848,2,2,1,"OneFam"
148000,1032,233,29,3,1032,2,2,1,"OneFam"
151500,1177,98,23,3,1153,2,2,0,"OneFam"
197000,1725,96,28,3,539,2,2,1,"OneFam"
192350,1353,253,8,2,1259,2,2,1,"OneFam"
152000,1620,263,38,4,780,2,2,0,"OneFam"
170000,1220,176,36,2,1625,2,2,1,"OneFam"
175000,1484,0,36,3,1484,2,2,1,"OneFam"
175000,1743,365,39,3,702,2,1,1,"OneFam"
197900,1935,233,31,3,793,2,2,1,"OneFam"
174000,1324,130,31,3,1228,2,2,1,"OneFam"
178900,1877,0,33,4,1084,2,2,1,"OneFam"
139000,1109,82,2,3,372,1,1,0,"OneFam"
143250,981,0,36,3,981,2,1,0,"OneFam"
184000,1479,138,3,4,725,2,1,0,"OneFam"
155000,1422,0,17,3,925,2,1,0,"OneFam"
133000,914,32,5,3,914,1,1,0,"OneFam"
119500,950,0,36,3,950,1,1,0,"OneFam"
123000,872,0,36,3,858,4,1,0,"OneFam"
110000,858,0,36,2,858,1,1,0,"OneFam"
128000,914,0,46,2,914,1,1,0,"OneFam"
120500,864,0,36,3,864,2,1,0,"OneFam"
133000,767,182,9,1,723,1,1,0,"TwnhsE"
155000,1337,0,6,2,1337,2,2,1,"TwnhsE"
177000,1337,0,9,2,1405,2,2,1,"TwnhsE"
113500,1092,567,34,3,525,1,1,0,"Twnhs"
113000,1218,285,34,3,672,1,1,0,"Twnhs"
113700,1218,265,34,4,672,1,1,0,"Twnhs"
106000,1302,304,37,3,630,2,2,0,"TwnhsE"
122500,1365,376,36,2,765,2,1,0,"TwnhsE"
128000,958,0,31,2,1078,2,2,1,"TwnhsE"
155000,1548,0,31,3,804,2,2,1,"TwnhsE"
142500,1055,0,29,2,1061,1,2,0,"Twnhs"
129250,988,52,41,3,988,1,1,0,"OneFam"
356000,1816,378,0,3,1790,3,2,1,"OneFam"
314813,1828,452,0,3,1822,3,2,1,"OneFam"
318000,1694,254,0,3,1694,3,2,0,"OneFam"
322400,1694,302,0,3,1694,3,2,1,"OneFam"
318000,1734,328,0,3,1734,3,2,1,"OneFam"
345474,2122,0,0,2,2108,3,2,1,"OneFam"
415298,2121,315,0,3,2121,3,2,1,"OneFam"
492000,2656,456,0,3,1934,3,2,1,"OneFam"
338931,2550,190,0,4,1108,3,2,1,"OneFam"
450000,2046,400,1,2,1994,3,2,2,"OneFam"
280000,2172,350,1,3,1063,3,2,1,"OneFam"
479069,2552,456,0,3,2552,3,2,2,"OneFam"
395000,1973,375,1,3,1935,3,2,1,"OneFam"
380000,2643,772,1,3,2153,3,2,1,"OneFam"
250000,1634,248,1,3,1626,3,2,1,"OneFam"
440000,1976,304,0,2,1976,3,2,1,"OneFam"
418000,2758,365,1,4,1704,3,2,1,"OneFam"
500067,2290,970,0,2,2320,3,2,1,"OneFam"
260116,2152,0,-1,3,1582,2,2,1,"OneFam"
317000,2473,344,2,4,1143,3,2,1,"OneFam"
319500,2100,120,0,3,918,3,2,2,"OneFam"
325624,2161,300,0,3,1582,3,1,1,"OneFam"
372000,1802,510,1,3,1802,3,2,1,"OneFam"
342000,2956,502,3,5,1706,3,2,1,"OneFam"
354000,2468,388,3,4,1136,3,2,1,"OneFam"
350000,2385,280,4,3,1317,3,2,1,"OneFam"
285000,2374,340,3,4,1181,3,2,1,"OneFam"
281500,1818,246,0,3,895,3,2,1,"OneFam"
245700,1614,210,1,3,1614,3,2,0,"OneFam"
232698,1721,210,2,3,1721,2,2,0,"OneFam"
250000,1828,0,0,3,1298,3,2,0,"OneFam"
194700,1362,256,1,2,1362,2,2,1,"TwnhsE"
204000,1302,182,1,1,1302,2,1,1,"Twnhs"
200000,1302,182,1,1,1302,2,1,1,"Twnhs"
207000,1362,256,1,2,1362,2,2,1,"TwnhsE"
209500,1554,108,1,2,1554,2,2,1,"Twnhs"
209500,1554,108,1,2,1554,2,2,1,"Twnhs"
202500,1370,178,1,2,1370,2,2,1,"TwnhsE"
280000,1577,394,2,2,1577,2,2,1,"TwnhsE"
277500,1561,246,2,2,1561,2,2,1,"TwnhsE"
318061,1869,362,0,2,1869,2,2,1,"TwnhsE"
221370,1324,176,1,2,1324,2,2,1,"TwnhsE"
200000,1405,235,4,2,1405,2,2,1,"TwnhsE"
181755,1496,0,0,3,768,2,3,0,"OneFam"
176000,1536,0,1,3,768,2,2,1,"OneFam"
178900,1484,0,0,3,783,2,2,1,"OneFam"
168165,1458,44,0,3,608,2,2,0,"OneFam"
171925,1495,0,1,3,738,2,2,1,"OneFam"
198444,1746,0,0,3,698,3,2,1,"OneFam"
203000,1326,0,2,3,1326,2,2,0,"OneFam"
179540,1456,0,0,3,728,2,2,1,"OneFam"
176485,1302,0,0,3,1302,2,2,0,"OneFam"
181134,1340,0,0,3,1340,2,2,0,"OneFam"
156932,1412,0,0,3,616,2,2,1,"OneFam"
166000,1504,22,0,3,752,2,2,0,"OneFam"
177594,1456,16,0,3,728,2,2,0,"OneFam"
173500,1258,0,0,3,1246,2,2,0,"OneFam"
172500,1258,72,0,2,1258,3,2,1,"TwnhsE"
194201,1402,72,0,2,1258,3,0,1,"TwnhsE"
226500,1589,72,4,2,1406,3,2,1,"TwnhsE"
185485,1266,16,0,2,1266,2,2,1,"OneFam"
259000,1530,0,3,3,1530,3,2,1,"OneFam"
188500,1119,0,2,2,835,2,2,0,"OneFam"
175000,1374,0,3,3,384,2,2,1,"OneFam"
215000,1959,0,2,4,847,2,2,1,"OneFam"
206580,1525,0,1,3,1510,2,2,1,"OneFam"
183500,1720,0,3,3,840,2,2,1,"OneFam"
165500,1394,0,4,3,384,2,2,1,"OneFam"
211000,1948,16,4,4,847,2,2,1,"OneFam"
181000,1690,0,7,3,924,2,2,1,"OneFam"
219500,1995,0,5,4,854,2,2,1,"OneFam"
175000,1647,0,7,3,953,2,2,1,"OneFam"
170000,1430,0,7,3,384,2,2,1,"OneFam"
162000,1320,0,4,3,660,2,2,0,"OneFam"
187000,1690,0,7,3,915,2,2,1,"OneFam"
185000,1644,0,7,3,941,2,2,1,"OneFam"
745000,4476,0,11,4,2396,3,3,2,"OneFam"
384500,2551,515,9,4,1779,3,2,2,"OneFam"
248000,2285,72,7,4,969,3,2,1,"OneFam"
466500,2633,705,5,2,2633,3,2,2,"OneFam"
410000,3078,422,9,4,1408,3,2,1,"OneFam"
322500,2582,0,8,4,1389,3,2,1,"OneFam"
252000,2385,275,9,4,1066,3,2,1,"OneFam"
755000,4316,1170,12,4,2444,3,3,2,"OneFam"
269790,2013,0,10,3,1117,2,2,1,"OneFam"
315750,2398,594,10,3,1379,3,2,1,"OneFam"
290000,2520,290,12,4,1203,3,2,1,"OneFam"
290000,2531,513,12,4,1318,3,2,1,"OneFam"
430000,3228,0,14,4,3200,2,3,1,"OneFam"
263000,2202,309,14,4,1105,2,2,1,"OneFam"
330000,2538,526,10,4,1325,3,2,1,"OneFam"
213133,1369,0,0,3,1369,2,2,0,"OneFam"
260261,1542,164,0,3,1542,3,2,1,"OneFam"
320000,1905,302,1,3,1905,3,2,1,"OneFam"
282922,1464,84,0,3,1485,3,2,0,"OneFam"
215000,1534,248,1,3,1524,2,2,1,"OneFam"
419005,1966,754,0,1,1966,3,2,1,"OneFam"
255000,1636,208,1,3,1623,3,2,1,"OneFam"
147000,1795,428,0,2,1795,3,2,1,"OneFam"
235876,1528,0,0,3,1528,2,3,1,"OneFam"
311872,1726,205,0,3,1726,3,2,1,"OneFam"
248328,1689,0,0,3,1689,3,2,0,"OneFam"
227000,1588,410,1,3,1588,3,2,1,"OneFam"
260000,1538,148,2,3,1538,2,2,0,"OneFam"
225000,1496,140,0,3,1496,2,2,0,"OneFam"
249000,1506,143,1,3,1494,2,2,1,"OneFam"
307000,1694,186,2,3,1686,2,2,1,"OneFam"
250000,1977,0,1,3,982,3,2,0,"OneFam"
221300,1830,0,1,3,1302,3,2,0,"OneFam"
208900,1338,0,0,3,1338,2,2,0,"OneFam"
210400,1335,0,0,3,1335,2,2,0,"OneFam"
255000,1792,0,0,3,896,2,2,0,"OneFam"
212109,1588,0,0,3,725,2,3,0,"OneFam"
270000,1959,0,1,3,1088,3,2,1,"OneFam"
303477,2610,0,0,4,1184,2,2,1,"OneFam"
310013,1880,0,0,3,955,3,2,1,"OneFam"
249700,1656,0,1,3,1656,3,2,0,"OneFam"
227875,1761,0,0,3,874,2,3,0,"OneFam"
261329,1584,0,0,2,1574,2,2,1,"OneFam"
253000,1685,298,1,2,1685,3,2,1,"OneFam"
265000,2443,353,3,4,1158,3,2,1,"OneFam"
340000,2466,0,2,4,1580,2,3,1,"OneFam"
146000,1100,0,0,3,1100,0,1,0,"OneFam"
147000,1143,0,1,3,1143,0,1,0,"OneFam"
149000,1094,126,3,3,1094,2,1,0,"OneFam"
181000,1486,170,1,3,1461,2,2,0,"OneFam"
201000,1721,105,13,3,928,2,2,0,"OneFam"
191750,1820,0,10,3,864,2,2,0,"OneFam"
179000,1349,108,6,3,1349,2,2,0,"OneFam"
215000,1494,0,9,3,1482,2,2,1,"OneFam"
179200,1575,0,15,2,1575,2,2,0,"TwnhsE"
128000,1266,0,27,2,630,1,1,2,"TwnhsE"
144000,884,0,24,2,840,2,1,0,"OneFam"
144000,2020,320,30,4,0,2,2,2,"Duplex"
120750,894,0,30,2,894,1,1,0,"OneFam"
132500,970,0,44,2,970,2,1,0,"OneFam"
132000,1057,0,45,3,1057,2,1,0,"OneFam"
132500,999,0,6,3,999,1,1,0,"OneFam"
129000,1120,0,46,3,1040,2,1,0,"OneFam"
143900,1696,0,45,3,1140,1,1,1,"OneFam"
145000,1040,0,39,3,1040,2,1,0,"OneFam"
128500,988,57,46,3,988,2,1,0,"OneFam"
125500,902,75,40,3,876,1,1,0,"OneFam"
300000,2503,272,17,3,1223,2,2,1,"OneFam"
294000,2167,0,4,3,1192,2,2,2,"OneFam"
129000,1037,44,33,2,1037,2,1,0,"OneFam"
171000,1701,0,26,3,1390,2,2,2,"OneFam"
147000,1055,0,1,2,1044,2,1,1,"OneFam"
302000,2810,336,17,4,1453,2,2,1,"OneFam"
285000,2872,337,7,4,1683,2,2,1,"OneFam"
214000,1378,0,3,2,1378,2,2,1,"TwnhsE"
166000,1151,30,0,2,1141,2,2,0,"TwnhsE"
193800,1565,36,0,2,1511,2,2,0,"TwnhsE"
208900,1352,0,0,2,1352,2,2,1,"TwnhsE"
194000,1352,0,0,2,1352,2,2,1,"TwnhsE"
207500,1550,0,0,2,1550,2,2,0,"TwnhsE"
199900,1241,0,0,1,1241,2,1,0,"TwnhsE"
164700,1250,0,0,2,625,2,2,0,"TwnhsE"
176500,1501,342,8,3,744,2,2,1,"Twnhs"
176000,1458,1129,8,2,729,2,2,1,"TwnhsE"
168500,1512,513,7,2,756,2,2,1,"TwnhsE"
177000,1573,216,7,3,756,2,2,0,"Twnhs"
177000,1525,456,7,3,756,2,2,1,"Twnhs"
148800,1102,0,3,2,551,2,2,0,"TwnhsE"
174000,1441,456,7,2,776,2,2,0,"Twnhs"
239000,1950,1600,9,3,975,2,2,1,"OneFam"
204000,1358,0,7,3,1339,2,2,0,"OneFam"
301000,2048,0,3,3,1054,2,2,2,"OneFam"
312500,2362,0,9,3,1220,2,2,2,"OneFam"
279700,1494,0,12,1,1494,2,1,1,"TwnhsE"
255000,2362,600,27,3,2002,2,2,1,"OneFam"
194000,1432,0,29,2,1360,2,1,1,"OneFam"
218000,1437,0,3,3,1437,2,2,1,"OneFam"
213750,1295,0,9,1,1057,2,1,2,"TwnhsE"
187000,1855,360,13,3,528,2,2,1,"OneFam"
181500,1262,0,31,3,1262,2,2,1,"OneFam"
373000,2497,0,26,2,2461,2,2,2,"OneFam"
190000,2620,1,30,4,1361,2,2,1,"Duplex"
226000,1929,0,6,3,1057,2,2,1,"OneFam"
143450,1152,41,39,3,912,2,1,0,"OneFam"
240050,2411,525,37,4,1008,2,2,1,"OneFam"
162500,1082,0,38,3,973,2,1,0,"OneFam"
164000,1295,196,39,3,1295,2,1,0,"OneFam"
185000,1610,0,20,3,1124,2,2,1,"OneFam"
188500,1594,112,14,2,1594,2,2,1,"OneFam"
255000,2075,194,14,3,1148,2,2,1,"OneFam"
136905,1680,164,31,4,1680,2,2,0,"Duplex"
158500,1093,0,41,3,1093,2,2,1,"OneFam"
175500,1242,320,34,3,1242,2,1,1,"OneFam"
127000,1052,203,44,3,1052,1,1,0,"OneFam"
127000,1107,0,14,3,949,1,1,0,"OneFam"
143000,1214,196,40,3,1214,1,2,1,"OneFam"
156000,1073,168,42,3,1073,2,1,0,"OneFam"
144000,1344,0,24,2,1024,1,1,1,"OneFam"
119000,1728,84,43,6,1728,1,2,0,"Duplex"
103000,1224,0,43,2,0,3,2,0,"Duplex"
139900,1422,0,29,3,978,1,1,1,"OneFam"
151500,958,0,9,2,958,1,1,0,"OneFam"
126500,1065,66,47,3,1065,2,1,0,"OneFam"
145000,1138,63,49,3,588,1,1,0,"OneFam"
120000,912,0,22,2,912,1,1,0,"OneFam"
124000,1074,0,51,2,894,2,1,1,"OneFam"
106500,882,0,48,3,0,1,1,0,"OneFam"
140500,1187,0,46,2,864,2,1,1,"OneFam"
137500,964,56,46,3,964,2,1,1,"OneFam"
117600,894,0,47,3,894,1,1,0,"OneFam"
163500,1200,202,41,3,1174,2,2,1,"OneFam"
161000,1042,98,42,3,1042,2,2,0,"OneFam"
158000,1302,108,16,3,1302,1,2,0,"OneFam"
224500,2154,306,10,5,845,2,2,1,"OneFam"
147000,1374,212,43,3,1130,1,1,1,"OneFam"
200000,1652,136,16,3,1592,2,1,1,"OneFam"
181900,1429,85,20,3,1144,2,1,2,"OneFam"
150750,1327,0,5,3,1063,2,1,0,"OneFam"
101800,1224,0,45,2,0,2,2,0,"Duplex"
124000,932,0,57,2,932,1,1,1,"OneFam"
138500,908,0,11,2,822,2,1,0,"OneFam"
39300,334,0,57,1,0,0,1,0,"OneFam"
64500,666,0,57,2,666,0,1,0,"OneFam"
64000,670,0,57,2,370,0,1,0,"OneFam"
112000,808,0,7,2,808,1,1,0,"OneFam"
165000,1977,272,29,4,816,2,1,1,"OneFam"
144000,1150,176,52,2,1078,1,1,0,"OneFam"
137000,1920,567,57,4,928,2,2,0,"Duplex"
105000,1376,0,57,3,768,1,1,1,"OneFam"
146500,1644,224,12,3,728,1,1,2,"OneFam"
126000,1560,0,39,4,1560,3,2,0,"Duplex"
175000,1280,87,41,3,793,2,2,1,"OneFam"
158500,1254,291,46,3,1218,2,1,1,"OneFam"
114500,912,1,49,2,912,1,1,0,"OneFam"
144000,1524,180,49,3,874,1,1,0,"OneFam"
129000,2380,113,28,3,1021,2,2,1,"OneFam"
141000,936,0,8,2,936,1,1,0,"OneFam"
131000,1008,54,51,3,1008,1,1,0,"OneFam"
142100,1053,0,44,3,1053,2,1,0,"OneFam"
139000,1056,0,15,3,1056,1,1,0,"OneFam"
157900,1442,243,49,4,1442,1,1,0,"OneFam"
139400,1056,0,2,3,1056,1,1,0,"OneFam"
150000,1244,0,50,3,1244,1,1,2,"OneFam"
120000,1144,69,47,3,1144,1,1,1,"OneFam"
174850,1721,289,38,4,1331,2,1,3,"OneFam"
116000,922,0,50,2,922,1,1,0,"OneFam"
135000,1048,120,51,3,1048,1,1,0,"OneFam"
163500,1657,0,37,3,1657,2,2,1,"OneFam"
130000,1411,0,32,3,1204,1,1,1,"OneFam"
129500,1216,0,52,3,1216,1,1,0,"OneFam"
142000,1154,0,1,3,864,1,1,0,"OneFam"
128600,1560,260,49,4,1560,2,2,0,"Duplex"
125000,948,0,55,2,948,2,1,0,"OneFam"
136000,1040,0,54,3,1040,1,1,0,"OneFam"
134500,1008,0,1,2,1008,1,1,0,"OneFam"
127000,925,0,4,3,925,1,1,0,"OneFam"
130000,1360,0,52,3,384,2,1,1,"OneFam"
115000,1540,0,52,4,1190,1,1,0,"OneFam"
116900,925,0,52,3,923,1,1,2,"OneFam"
132000,928,0,7,2,928,1,1,0,"OneFam"
153000,1647,0,54,3,1105,1,1,1,"OneFam"
112500,924,0,55,2,924,1,1,0,"OneFam"
138000,1544,0,1,3,925,0,2,0,"OneFam"
135000,893,0,4,2,845,2,1,0,"OneFam"
156000,1728,0,3,3,1216,1,1,1,"OneFam"
301600,3086,0,0,4,666,3,3,0,"OneFam"
109000,1034,0,57,2,735,1,1,0,"OneFam"
103200,882,0,51,1,882,0,1,0,"OneFam"
128500,1281,0,14,1,1151,2,2,0,"OneFam"
64500,968,0,0,4,656,1,2,0,"OneFam"
148000,1534,0,8,3,736,0,1,0,"OneFam"
86000,691,0,57,2,691,1,1,0,"OneFam"
172000,1651,364,8,4,725,1,2,2,"OneFam"
120000,888,53,46,3,920,1,1,0,"OneFam"
128500,952,86,39,3,952,1,1,0,"OneFam"
135000,2080,192,38,5,1040,2,1,2,"OneFam"
122900,924,0,1,3,672,2,1,1,"OneFam"
119200,1082,206,57,2,1082,1,1,1,"OneFam"
143000,1846,320,57,3,1040,1,2,1,"OneFam"
119000,988,0,57,3,876,1,1,0,"OneFam"
102000,1238,0,57,3,864,1,1,1,"OneFam"
129000,864,0,5,3,864,2,1,0,"OneFam"
135000,1134,45,5,2,1010,1,1,0,"OneFam"
152000,1040,0,4,3,1040,1,1,0,"OneFam"
140000,1170,0,49,3,1170,1,1,1,"OneFam"
152000,1242,0,47,3,1242,1,1,0,"OneFam"
156500,1377,0,47,3,1377,1,1,2,"OneFam"
141000,1800,0,46,6,1800,0,2,0,"Duplex"
99000,925,0,46,3,0,1,1,0,"OneFam"
187000,1851,340,14,3,822,2,2,1,"OneFam"
169500,1812,288,45,4,864,1,2,1,"OneFam"
125500,864,0,45,2,864,1,1,0,"OneFam"
130000,936,0,45,3,896,1,1,1,"OneFam"
103000,960,0,27,2,850,2,1,0,"OneFam"
132000,1432,0,5,2,264,2,2,0,"OneFam"
127500,1296,0,57,3,845,2,1,0,"OneFam"
89500,1022,0,57,2,1022,1,1,1,"OneFam"
140000,936,180,27,2,936,2,1,0,"Duplex"
99900,967,0,17,2,967,1,1,1,"OneFam"
100000,1047,0,12,2,641,1,1,0,"OneFam"
130000,1072,279,57,2,808,2,1,2,"OneFam"
135000,1174,0,1,2,680,2,1,1,"OneFam"
120000,1183,0,5,2,649,1,1,0,"OneFam"
89471,1131,435,7,2,907,2,1,0,"OneFam"
85000,1141,0,57,3,570,1,1,0,"OneFam"
108500,960,0,57,2,960,1,1,0,"OneFam"
137000,1798,0,57,4,1075,2,2,0,"OneFam"
110500,866,0,10,2,686,0,1,0,"OneFam"
100000,968,0,1,2,968,2,1,0,"OneFam"
184900,1772,0,8,3,725,2,2,0,"OneFam"
145000,1642,0,57,4,728,1,1,1,"OneFam"
125000,1472,0,13,3,702,1,1,0,"OneFam"
114000,1232,0,57,3,616,2,1,0,"OneFam"
90000,2337,0,57,5,662,2,2,0,"TwoFmCon"
144100,1650,0,17,3,926,2,2,0,"OneFam"
117500,2210,0,57,5,1008,1,2,0,"OneFam"
124500,1358,0,2,3,687,1,1,1,"OneFam"
185000,2454,0,20,3,819,2,2,1,"OneFam"
133900,2291,0,9,4,1214,2,2,1,"TwoFmCon"
152000,1616,0,3,3,1149,1,2,0,"OneFam"
153500,1559,0,34,2,1559,2,1,0,"OneFam"
159500,2554,0,9,3,718,2,1,0,"OneFam"
87000,1248,0,57,2,912,1,1,0,"OneFam"
104500,968,1,51,2,0,1,1,0,"OneFam"
110000,1382,0,5,1,0,1,2,1,"OneFam"
136500,1060,0,13,1,756,1,1,1,"OneFam"
128250,1435,0,57,3,910,1,1,0,"OneFam"
144000,1167,0,57,3,915,2,1,1,"OneFam"
210000,1635,0,57,3,1065,2,1,1,"OneFam"
135000,1274,0,9,3,728,1,2,0,"OneFam"
128000,1232,0,57,3,600,1,1,2,"OneFam"
131000,1218,0,57,3,735,2,1,1,"OneFam"
113000,884,0,57,2,884,1,1,0,"OneFam"
126000,1409,0,57,3,861,2,1,1,"OneFam"
132000,1322,0,55,4,672,1,1,0,"OneFam"
131750,1426,0,15,3,966,1,1,1,"OneFam"
132500,1281,0,57,2,756,2,1,0,"OneFam"
137500,1513,0,3,4,939,1,1,0,"OneFam"
132000,854,0,6,2,832,2,1,0,"OneFam"
127500,1367,0,57,3,884,1,1,1,"OneFam"
102000,986,0,57,2,960,1,1,1,"OneFam"
200000,2264,0,12,4,1100,1,2,0,"OneFam"
180500,1824,0,57,3,764,2,1,1,"OneFam"
165000,1376,0,57,3,768,2,1,0,"OneFam"
90000,1316,0,57,4,750,2,1,0,"OneFam"
153575,1396,0,4,3,698,1,1,0,"OneFam"
140000,1344,0,17,3,672,2,1,1,"OneFam"
136000,2526,0,57,5,714,1,2,1,"OneFam"
113000,1173,0,57,3,592,1,2,0,"OneFam"
117000,1214,0,57,2,969,1,1,0,"OneFam"
169500,1818,600,57,4,1040,1,1,2,"OneFam"
139400,1108,0,57,3,637,1,1,1,"OneFam"
202500,2294,234,44,5,741,2,3,1,"OneFam"
127000,1355,0,1,3,684,0,1,0,"OneFam"
141000,1375,0,57,3,780,1,1,1,"OneFam"
212300,1952,0,2,4,976,1,1,2,"OneFam"
161000,2180,0,57,3,1138,2,1,1,"OneFam"
99500,1315,0,49,3,808,2,2,0,"TwoFmCon"
101000,1111,0,11,3,530,1,1,0,"OneFam"
109900,1196,0,17,2,1196,2,1,0,"OneFam"
128500,1382,0,57,2,720,2,1,0,"OneFam"
122000,1889,0,57,4,925,1,1,1,"TwoFmCon"
87000,840,0,57,3,672,0,1,1,"OneFam"
50000,1484,0,57,3,771,1,2,0,"OneFam"
219000,2267,0,27,3,1005,2,1,2,"OneFam"
200500,3086,0,13,3,1598,0,3,1,"OneFam"
126000,1134,0,57,3,756,1,1,0,"OneFam"
108500,1282,0,28,2,672,1,1,0,"TwoFmCon"
130000,999,0,44,3,925,1,1,0,"TwoFmCon"
158450,1452,30,27,2,1420,2,1,1,"OneFam"
115400,1005,0,43,3,1005,2,1,0,"OneFam"
118500,1029,192,46,3,1029,1,1,0,"OneFam"
165000,1020,50,6,3,980,2,2,1,"OneFam"
123000,1040,442,41,3,1040,1,1,0,"OneFam"
129000,913,0,41,3,814,1,1,0,"OneFam"
125000,894,0,41,3,894,1,1,0,"OneFam"
108000,948,0,39,3,948,1,1,0,"OneFam"
119900,868,0,17,2,768,2,1,0,"TwoFmCon"
115000,897,89,39,3,876,1,1,0,"OneFam"
134500,943,323,40,2,943,2,1,0,"OneFam"
127000,955,0,41,3,955,1,1,0,"OneFam"
129000,894,0,39,3,894,2,1,1,"OneFam"
143500,1285,148,30,3,660,2,1,1,"OneFam"
129000,912,0,41,3,912,1,1,0,"OneFam"
187000,1375,0,9,3,1240,1,1,1,"OneFam"
158000,2654,356,11,4,671,2,3,1,"OneFam"
112000,1416,0,0,3,816,2,2,0,"OneFam"
165250,1302,0,9,2,680,1,1,2,"OneFam"
150000,1299,0,12,3,967,2,1,1,"OneFam"
137000,1176,340,9,3,1158,1,1,2,"OneFam"
89500,998,0,57,3,0,2,1,0,"OneFam"
302000,1824,351,5,2,1643,2,2,2,"OneFam"
182000,1522,136,23,3,1190,2,2,1,"OneFam"
211000,2060,268,18,4,1151,2,2,1,"OneFam"
216000,1325,0,2,3,409,2,2,1,"OneFam"
130000,1630,0,54,3,1073,2,2,1,"OneFam"
109900,1242,0,57,2,484,1,1,0,"OneFam"
255000,2422,300,13,4,1288,2,3,2,"OneFam"
243000,2158,0,6,4,1202,2,2,1,"OneFam"
154000,1626,0,53,3,988,1,1,0,"OneFam"
118000,864,0,49,3,864,1,1,0,"OneFam"
80000,943,0,13,3,0,1,1,0,"OneFam"
150000,1440,0,30,4,1440,0,2,0,"Duplex"
86000,605,0,5,2,528,0,1,0,"OneFam"
130000,1038,149,23,2,1038,1,2,0,"TwnhsE"
125000,1342,0,56,4,1342,1,1,0,"OneFam"
136500,1480,0,13,4,1080,1,1,1,"OneFam"
96000,1362,0,57,4,951,1,2,0,"OneFam"
120000,1340,98,1,3,0,1,1,1,"OneFam"
228500,1822,0,23,4,1105,2,2,1,"OneFam"
179900,1442,0,16,3,910,2,2,1,"OneFam"
225000,2243,246,16,4,700,3,2,1,"OneFam"
301000,2730,172,20,4,1502,2,2,1,"OneFam"
238000,2127,0,16,4,1104,3,2,1,"OneFam"
228500,1982,340,18,3,807,2,2,1,"OneFam"
220000,1958,0,6,3,779,2,2,1,"OneFam"
383970,2696,220,0,4,1264,3,2,1,"OneFam"
424870,2828,340,0,4,1466,3,3,1,"OneFam"
250000,1651,306,0,3,1643,3,2,1,"OneFam"
360000,2140,0,0,3,2140,3,2,0,"OneFam"
279500,1494,306,0,3,1494,3,2,1,"OneFam"
200141,1316,0,0,3,1316,2,2,1,"OneFam"
246500,1651,306,0,3,1643,3,2,1,"OneFam"
276000,2574,270,0,3,1482,3,2,1,"OneFam"
203000,1274,80,0,3,1274,2,2,0,"OneFam"
155835,1456,0,1,3,728,2,2,1,"OneFam"
194000,1240,0,1,2,1240,3,2,0,"OneFam"
195400,1208,108,0,2,1208,2,2,0,"OneFam"
217000,1546,204,1,3,1546,3,2,0,"OneFam"
212999,1500,132,1,3,1489,2,2,1,"OneFam"
175900,1270,0,1,2,1270,2,2,0,"OneFam"
191000,1795,0,1,3,879,2,2,0,"OneFam"
176432,1314,0,1,3,1314,2,2,1,"OneFam"
277000,2062,128,18,3,1157,2,2,1,"OneFam"
207000,1873,360,19,3,929,2,2,1,"OneFam"
277000,2144,472,1,4,1444,2,2,2,"OneFam"
240000,1953,0,15,3,1580,2,2,2,"OneFam"
187500,2087,157,0,5,832,2,2,0,"OneFam"
279000,1743,0,31,0,966,2,0,2,"OneFam"
139500,1022,0,13,3,1022,2,1,0,"OneFam"
126000,990,0,13,3,990,1,1,0,"OneFam"
177500,1200,0,12,3,1200,2,2,0,"OneFam"
175000,1308,0,1,3,635,2,2,0,"OneFam"
211000,1796,0,9,3,794,2,2,0,"OneFam"
146000,990,0,13,3,990,1,1,0,"OneFam"
147900,1097,0,11,3,1097,1,1,0,"OneFam"
123600,990,0,12,3,990,0,1,0,"OneFam"
204750,1786,0,10,3,824,2,2,0,"OneFam"
235500,1873,0,8,3,988,2,2,1,"OneFam"
217000,1753,290,8,3,853,2,2,1,"OneFam"
190550,1690,0,6,3,845,2,2,0,"OneFam"
217500,1842,144,7,3,985,2,2,1,"OneFam"
226000,1479,167,4,3,1453,2,2,0,"OneFam"
180000,1668,101,4,3,840,2,2,0,"OneFam"
131000,894,0,33,3,864,2,1,0,"OneFam"
153500,1025,113,31,3,1015,2,2,1,"OneFam"
160000,1009,51,30,3,995,2,2,1,"OneFam"
134900,1040,0,30,3,1040,2,1,0,"OneFam"
130000,907,0,30,3,876,1,1,0,"OneFam"
120000,879,0,32,3,864,2,1,0,"OneFam"
112500,882,0,35,3,882,2,1,0,"OneFam"
122000,969,0,32,3,969,2,1,0,"OneFam"
127000,864,0,7,3,864,2,1,0,"OneFam"
117000,875,0,1,3,385,2,1,0,"OneFam"
305900,2000,246,2,3,2000,3,2,0,"OneFam"
228500,2169,149,5,3,1284,2,2,1,"OneFam"
270000,1673,0,7,3,1673,2,2,1,"OneFam"
192000,1459,100,5,3,1459,2,2,1,"OneFam"
213000,1932,0,4,3,979,2,2,1,"OneFam"
200000,1729,214,5,3,860,2,2,0,"OneFam"
267000,2452,0,8,4,1028,2,2,1,"OneFam"
228000,1592,519,12,3,1556,2,2,1,"OneFam"
275000,2439,256,6,4,1531,2,2,1,"OneFam"
211000,1992,254,5,3,860,2,2,2,"OneFam"
285000,1668,215,5,3,1626,3,2,1,"OneFam"
240000,2090,438,11,3,1220,2,2,1,"OneFam"
131500,848,170,4,1,848,2,1,0,"TwnhsE"
246900,1341,158,7,1,1341,2,1,1,"OneFam"
219500,1928,0,3,4,847,2,2,1,"OneFam"
185000,1337,0,4,3,1337,2,2,0,"OneFam"
179400,1476,0,0,3,738,2,2,0,"OneFam"
213500,1797,0,1,3,939,2,2,0,"OneFam"
179600,1422,106,3,3,1422,2,2,0,"OneFam"
173500,1190,0,2,2,1169,2,2,0,"OneFam"
167840,1330,0,0,3,1330,2,2,1,"OneFam"
168675,1491,0,1,3,738,2,2,1,"OneFam"
167000,1536,0,2,3,768,2,2,0,"OneFam"
140000,1214,0,42,2,1214,2,1,0,"OneFam"
118500,936,162,40,2,936,1,1,1,"OneFam"
110000,1088,20,44,2,1088,2,1,0,"OneFam"
94750,960,48,42,3,960,1,1,0,"OneFam"
122000,1351,0,57,3,901,2,1,1,"OneFam"
110000,1179,198,47,2,1179,2,1,0,"OneFam"
118500,816,104,17,3,816,0,1,0,"Duplex"
133500,1044,0,31,3,960,2,1,1,"OneFam"
148000,1113,174,31,3,1143,1,1,1,"OneFam"
141000,2233,0,28,5,0,2,2,0,"Duplex"
155000,1125,0,0,2,1125,2,1,0,"OneFam"
157000,1090,0,1,2,1090,2,1,0,"OneFam"
171500,1408,0,1,3,734,2,2,0,"OneFam"
183850,5095,1224,-2,2,5095,3,2,2,"OneFam"
184750,4676,762,-1,3,3138,3,3,1,"OneFam"
140000,1072,76,2,2,547,2,1,0,"TwnhsE"
131750,960,0,7,2,960,1,1,0,"OneFam"
61500,1152,128,52,2,0,0,2,0,"Duplex"
111000,948,132,53,3,864,1,1,0,"OneFam"
98500,1195,0,57,4,1195,0,2,0,"Duplex"
79000,774,0,1,3,544,0,1,0,"OneFam"
108500,865,0,12,2,660,1,1,1,"OneFam"
110000,894,0,53,3,894,2,1,0,"OneFam"
112000,1346,0,7,2,560,1,1,0,"OneFam"
125000,768,0,52,2,768,1,1,1,"OneFam"
79275,864,0,52,3,864,2,1,0,"OneFam"
119000,948,0,53,3,948,1,1,1,"OneFam"
200000,3395,0,12,8,1440,0,2,0,"TwoFmCon"
150000,2592,0,57,6,1296,0,2,0,"Duplex"
165000,1502,0,11,3,602,1,1,2,"OneFam"
96500,789,0,57,2,768,1,1,0,"OneFam"
136500,1422,0,57,3,1290,1,1,0,"OneFam"
146500,1298,0,2,2,651,1,2,1,"OneFam"
175000,1768,252,57,3,731,1,1,2,"OneFam"
148500,1098,0,12,2,531,1,1,1,"OneFam"
141500,1436,0,57,3,585,1,1,1,"OneFam"
189950,1426,0,9,3,912,1,1,1,"OneFam"
135000,1461,0,16,3,686,1,1,1,"OneFam"
164000,1646,0,57,4,918,1,2,2,"OneFam"
90350,694,0,5,2,440,1,1,1,"OneFam"
139000,1250,0,4,3,661,2,2,1,"OneFam"
119750,954,0,57,2,920,1,1,1,"OneFam"
145000,1958,423,57,4,979,2,2,0,"Duplex"
145000,2002,0,57,4,1001,3,2,0,"Duplex"
238000,1718,0,15,4,851,2,2,1,"OneFam"
153500,1226,0,56,2,0,2,1,1,"OneFam"
239000,2624,0,57,4,1370,3,2,1,"OneFam"
359100,3194,0,9,4,965,2,2,2,"OneFam"
188000,1755,0,4,4,930,1,2,1,"OneFam"
220000,1991,480,57,3,854,2,1,1,"OneFam"
140000,1355,0,57,3,728,2,2,0,"TwoFmCon"
315000,2727,0,13,3,853,2,2,2,"OneFam"
259500,2320,0,5,3,1028,1,2,1,"OneFam"
257500,1839,106,3,3,1477,2,2,2,"OneFam"
219500,1740,0,23,3,800,1,1,2,"OneFam"
217000,2259,184,54,3,1809,2,2,2,"OneFam"
201000,1560,423,47,3,1560,2,1,3,"OneFam"
215000,1488,0,39,3,1488,2,2,2,"OneFam"
123900,1045,0,27,2,516,2,1,1,"Twnhs"
170000,1680,0,11,4,1680,2,2,0,"OneFam"
200000,1020,0,19,1,1004,2,1,0,"TwnhsE"
198000,1696,652,36,3,1696,2,2,2,"OneFam"
200624,2515,0,32,4,2035,2,3,2,"OneFam"
315000,2726,0,21,2,279,2,2,1,"OneFam"
115000,1517,0,2,3,793,0,2,0,"OneFam"
141000,1215,0,57,3,720,2,1,0,"OneFam"
87000,803,0,57,2,720,2,1,0,"OneFam"
129850,1601,0,4,3,936,0,2,0,"OneFam"
100000,1123,0,57,3,732,1,1,0,"OneFam"
150909,1828,0,8,3,859,0,2,0,"OneFam"
75200,816,0,57,2,816,1,1,0,"OneFam"
118400,1012,0,57,2,1012,1,1,1,"OneFam"
67000,1077,0,57,2,961,1,1,0,"OneFam"
152000,1558,0,57,4,910,1,1,0,"OneFam"
68104,845,0,57,1,0,1,1,0,"OneFam"
119600,1991,0,1,4,957,0,2,0,"TwoFmCon"
140000,1073,0,27,3,1073,2,1,0,"OneFam"
124900,1001,0,0,2,837,1,1,0,"OneFam"
375000,1625,473,0,2,1573,2,2,1,"TwnhsE"
235000,1625,481,0,2,1573,2,2,1,"TwnhsE"
183500,1299,0,28,2,1001,2,2,1,"OneFam"
156000,912,0,29,2,888,2,1,1,"OneFam"
134000,1080,0,24,3,1084,2,1,0,"OneFam"
215000,1392,166,5,3,1441,3,2,1,"OneFam"
245000,1409,0,5,1,1409,2,1,1,"OneFam"
210000,1478,0,15,3,1454,2,2,1,"OneFam"
148000,918,50,32,3,852,1,1,0,"OneFam"
143000,1026,0,33,2,970,2,1,1,"OneFam"
244000,1501,352,20,2,1501,2,2,2,"TwnhsE"
330000,1502,239,9,1,1502,1,1,1,"TwnhsE"
170000,1328,0,48,2,1350,1,1,2,"OneFam"
257000,2279,1224,12,4,585,2,2,1,"OneFam"
231713,1689,0,0,3,1689,2,2,0,"OneFam"
267300,1564,0,0,2,1546,2,2,1,"OneFam"
265900,1484,32,1,2,1476,2,2,1,"OneFam"
239000,1571,80,0,3,1571,3,2,1,"OneFam"
248900,1646,274,0,3,1638,3,2,1,"OneFam"
174000,1240,0,22,3,1265,2,2,0,"OneFam"
187500,1717,117,16,3,1156,2,2,1,"OneFam"
204000,1756,42,10,3,872,2,2,0,"OneFam"
180500,1312,86,6,2,1267,2,2,0,"OneFam"
187500,1146,442,4,3,868,2,2,1,"OneFam"
282000,1922,886,5,2,1922,3,2,1,"OneFam"
178000,1491,203,11,3,1491,2,2,1,"OneFam"
270000,1629,236,4,3,1616,3,2,1,"OneFam"
279900,2486,94,3,5,1122,2,3,1,"OneFam"
186700,1572,226,44,3,1572,3,1,2,"OneFam"
283463,1776,100,0,3,1732,3,2,1,"OneFam"
392000,1824,242,0,3,1824,3,2,1,"OneFam"
281213,2482,245,1,4,1094,3,2,1,"OneFam"
147000,1120,0,0,3,1120,0,1,0,"OneFam"
130000,2034,0,54,2,0,4,1,0,"OneFam"
140000,936,134,10,0,920,2,0,0,"TwnhsE"
132250,1040,0,44,3,1064,2,1,0,"OneFam"
143000,1632,0,40,4,1632,2,2,0,"Duplex"
168000,1622,149,32,3,1249,4,1,1,"TwoFmCon"
129900,1060,0,31,3,1040,2,1,1,"TwnhsE"
134000,1142,0,31,3,1142,2,1,1,"TwnhsE"
85500,1092,0,35,3,546,1,1,0,"Twnhs"
106500,992,0,37,2,530,1,1,0,"Twnhs"
93900,1092,189,37,3,546,0,1,0,"TwnhsE"
75000,1092,80,37,3,546,1,1,0,"Twnhs"
84500,630,0,37,1,630,0,1,0,"Twnhs"
75190,1092,0,31,3,546,1,1,0,"Twnhs"
146800,1062,0,31,3,1029,2,1,2,"OneFam"
153500,1008,144,30,1,923,2,1,1,"OneFam"
188000,1356,0,30,3,1244,2,2,1,"OneFam"
196000,1676,0,13,3,1160,2,1,2,"OneFam"
157000,1432,0,30,3,716,2,1,1,"OneFam"
138000,796,0,36,2,796,0,1,0,"OneFam"
129500,768,0,37,2,768,2,1,0,"OneFam"
80000,1608,198,46,3,1396,1,1,0,"OneFam"
129500,845,0,1,2,845,2,1,0,"OneFam"
135000,1178,0,4,3,1090,2,1,0,"OneFam"
124500,816,0,25,2,816,1,1,0,"OneFam"
139000,816,0,24,2,816,1,1,0,"OneFam"
93500,974,0,15,3,974,0,1,0,"OneFam"
124500,887,0,23,3,864,1,1,0,"OneFam"
149900,1293,28,52,2,1178,2,2,0,"OneFam"
157500,1024,244,50,2,1008,1,1,2,"OneFam"
169000,1797,302,49,3,1617,3,1,1,"OneFam"
252000,1390,902,49,1,1705,2,1,2,"OneFam"
192100,1851,434,37,3,1851,2,2,1,"OneFam"
183500,1525,0,8,3,813,2,2,1,"OneFam"
222000,2236,285,9,4,964,2,2,1,"OneFam"
170000,1671,0,11,3,781,2,2,1,"OneFam"
187500,1498,0,10,3,691,2,2,1,"OneFam"
202000,1776,0,10,3,821,2,2,1,"OneFam"
185000,1511,0,9,3,802,2,2,1,"OneFam"
320000,2462,456,0,4,1392,2,2,1,"OneFam"
240000,1670,27,0,3,1670,3,2,1,"OneFam"
250000,2064,216,1,4,1074,2,2,1,"OneFam"
239900,1801,0,1,3,893,3,2,1,"OneFam"
309000,2212,248,0,3,1700,3,2,1,"OneFam"
274725,2021,0,0,3,868,2,2,1,"OneFam"
270000,2687,0,12,4,2062,2,2,0,"OneFam"
183500,1169,112,12,3,1160,2,2,1,"OneFam"
165600,1501,112,12,3,697,2,2,1,"OneFam"
176500,1632,0,8,3,935,2,2,1,"OneFam"
130000,1204,0,19,2,1191,2,2,0,"TwnhsE"
239000,1767,0,19,2,1064,2,2,1,"TwnhsE"
275000,1742,0,21,2,1742,2,2,1,"OneFam"
457347,2798,600,0,3,1398,3,3,1,"OneFam"
545224,3390,662,0,5,1528,3,3,1,"OneFam"
356383,2473,184,0,4,1094,3,2,1,"OneFam"
556581,2868,208,0,4,1992,3,3,1,"OneFam"
361919,2576,466,0,4,1234,3,2,1,"OneFam"
535000,2698,734,0,4,1850,3,2,1,"OneFam"
401179,2795,550,0,4,1390,3,3,1,"OneFam"
438780,2945,1031,0,3,1410,3,3,1,"OneFam"
169000,2320,0,56,2,0,2,2,1,"OneFam"
145000,1056,0,51,3,1056,2,1,0,"TwoFmCon"
318000,1714,230,1,2,1714,2,2,1,"TwnhsE"
319000,1826,238,0,3,1814,3,2,1,"OneFam"
470000,2000,420,1,3,1910,3,2,2,"OneFam"
202500,1621,0,8,3,1208,2,2,0,"OneFam"
229000,2183,178,18,4,1204,3,2,0,"OneFam"
235000,2263,34,12,3,795,2,2,1,"OneFam"
190000,1574,120,30,3,796,2,2,1,"OneFam"
169000,1102,130,26,2,988,2,1,1,"OneFam"
241500,1872,102,18,3,1845,2,2,1,"OneFam"
188900,1857,68,28,4,945,2,2,1,"OneFam"
207500,1686,157,26,3,1686,2,2,1,"OneFam"
250000,2784,184,28,5,1392,2,3,2,"OneFam"
179900,1552,0,31,3,713,2,2,1,"OneFam"
172000,1083,252,30,2,1047,2,1,1,"OneFam"
294323,2318,0,0,3,960,2,2,1,"OneFam"
184500,1875,248,6,3,675,2,3,1,"OneFam"
153500,1074,0,31,3,1056,2,1,0,"OneFam"
162900,1664,0,30,4,832,2,2,1,"OneFam"
181000,1309,99,7,3,1040,2,1,1,"OneFam"
155000,1103,176,32,3,1103,2,2,0,"OneFam"
138800,1096,0,37,3,1096,1,1,0,"OneFam"
116050,864,0,36,3,864,1,1,0,"OneFam"
88000,858,0,35,3,858,0,1,0,"OneFam"
97500,874,0,35,3,864,2,1,0,"OneFam"
190000,1419,0,4,2,1487,2,2,0,"TwnhsE"
105500,1092,514,33,3,525,2,1,0,"TwnhsE"
125500,1365,200,33,3,765,2,1,1,"TwnhsE"
83000,987,408,33,2,483,1,1,0,"Twnhs"
116000,1030,380,34,3,494,1,1,0,"Twnhs"
91500,1218,236,35,3,672,0,1,0,"Twnhs"
118000,1218,281,34,3,672,1,1,0,"Twnhs"
89000,948,504,34,2,483,1,1,0,"Twnhs"
108000,1092,504,34,3,525,1,1,0,"Twnhs"
94500,987,297,34,2,483,1,1,1,"Twnhs"
146300,1069,0,31,2,1069,2,2,1,"TwnhsE"
145000,1387,0,31,3,943,1,1,1,"OneFam"
123000,900,0,39,3,864,1,1,1,"OneFam"
137500,1055,0,30,2,1055,1,2,0,"Twnhs"
144000,1456,0,30,3,855,2,2,1,"Twnhs"
315000,1980,66,1,3,1980,3,2,1,"OneFam"
412083,2589,215,0,4,1738,3,2,1,"OneFam"
342643,2596,370,0,4,1249,3,3,0,"OneFam"
252000,1618,232,2,2,1618,3,2,1,"OneFam"
465000,2076,0,0,2,2076,3,2,1,"OneFam"
293000,1740,206,0,4,1721,3,2,0,"OneFam"
415000,1868,568,1,2,1868,3,2,1,"OneFam"
326000,1850,378,1,3,1833,3,2,1,"OneFam"
325300,2376,380,0,4,1158,3,3,1,"OneFam"
309000,2452,132,1,4,1117,3,3,1,"OneFam"
300000,2206,525,0,4,1090,3,2,1,"OneFam"
275500,2098,178,1,3,1030,3,2,1,"OneFam"
338500,2091,385,0,3,1606,2,2,1,"OneFam"
345000,2324,286,0,4,1175,3,3,2,"OneFam"
344133,2253,0,0,3,1209,2,2,1,"OneFam"
298236,2389,0,0,4,1054,3,2,1,"OneFam"
329900,2358,142,0,4,1524,3,2,1,"OneFam"
360000,1944,0,2,3,1896,3,2,3,"OneFam"
281000,1970,788,0,3,1085,3,2,1,"OneFam"
372397,1792,430,0,2,1792,3,2,1,"OneFam"
378000,1780,674,1,2,1780,3,2,1,"OneFam"
374000,1792,562,2,2,1792,3,2,1,"OneFam"
437154,2728,870,0,4,1848,3,2,2,"OneFam"
275000,1904,280,1,3,1058,2,2,1,"OneFam"
279000,1914,112,2,3,1420,3,2,1,"OneFam"
185850,1364,240,1,2,1364,2,2,1,"TwnhsE"
282500,1565,278,1,2,1560,2,2,1,"TwnhsE"
202500,1368,94,0,2,1368,2,2,1,"TwnhsE"
202665,1368,94,0,2,1368,2,2,1,"TwnhsE"
332200,1686,518,0,1,1686,3,2,1,"TwnhsE"
310090,1666,572,0,2,1666,2,2,1,"TwnhsE"
171750,1405,163,3,2,1405,2,2,1,"TwnhsE"
169990,1316,0,0,3,1316,2,2,1,"OneFam"
170440,1456,0,0,3,728,2,2,1,"OneFam"
169985,1492,0,0,3,738,2,2,0,"OneFam"
179665,1496,0,0,3,654,2,2,1,"OneFam"
219210,1863,0,0,4,879,3,2,1,"OneFam"
174190,1326,0,0,3,1326,2,2,0,"OneFam"
172785,1456,0,0,3,728,2,2,0,"OneFam"
258000,2373,236,1,4,1052,3,2,1,"OneFam"
185101,1492,0,0,3,738,2,2,0,"OneFam"
210250,1364,14,0,2,1220,2,2,1,"TwnhsE"
234000,1557,18,2,2,1374,2,2,1,"TwnhsE"
215000,1456,40,3,2,1273,2,2,1,"TwnhsE"
246990,1511,40,4,2,1368,2,2,1,"TwnhsE"
178740,1414,18,2,2,1375,2,2,1,"TwnhsE"
225000,1548,18,2,2,1365,2,2,1,"TwnhsE"
167240,1248,16,0,2,1248,2,2,0,"TwnhsE"
156820,1142,14,0,2,1142,2,2,0,"TwnhsE"
213490,1506,145,1,2,1362,2,2,1,"TwnhsE"
264561,1567,0,0,1,1520,3,2,1,"TwnhsE"
246578,1500,45,0,2,1356,3,2,1,"TwnhsE"
192140,1838,0,1,4,732,2,2,1,"OneFam"
183200,1509,0,3,3,783,2,2,1,"OneFam"
178000,1414,0,2,3,707,2,2,1,"OneFam"
201490,1598,0,1,3,848,2,2,1,"OneFam"
230500,1936,40,6,3,1406,2,2,1,"OneFam"
180000,1509,0,3,3,783,2,2,1,"OneFam"
172400,1664,0,6,3,953,2,2,1,"OneFam"
215000,1889,0,6,3,982,2,2,1,"OneFam"
199900,1886,0,7,4,930,2,2,1,"OneFam"
173000,1671,0,6,3,959,2,2,1,"OneFam"
287602,2322,0,0,4,1035,3,3,0,"OneFam"
230000,2291,302,7,4,975,2,2,1,"OneFam"
348000,2392,423,8,3,1396,3,2,1,"OneFam"
286000,1976,242,8,3,1044,3,2,1,"OneFam"
300000,2234,322,6,3,1160,3,2,1,"OneFam"
625000,3627,1378,10,4,1930,3,3,1,"OneFam"
405000,2855,877,6,4,1540,3,2,1,"OneFam"
280000,1924,530,8,3,1086,2,2,1,"OneFam"
258000,2263,650,8,4,1141,2,2,1,"OneFam"
350000,2726,397,11,4,1342,3,2,1,"OneFam"
584500,3500,738,12,4,1733,3,3,1,"OneFam"
321000,2494,501,11,4,1290,3,2,1,"OneFam"
290000,2526,391,12,4,1165,3,2,1,"OneFam"
315000,2799,420,13,3,1286,3,2,1,"OneFam"
252000,1964,192,0,3,1100,2,2,1,"OneFam"
336820,1670,0,0,2,1670,3,2,1,"OneFam"
423000,2097,0,0,1,2077,3,1,1,"OneFam"
290000,1660,420,0,3,1660,2,2,1,"OneFam"
232000,1616,228,1,3,1616,3,2,0,"OneFam"
199000,1504,60,0,3,1504,2,2,0,"OneFam"
198600,1278,0,0,2,1278,2,2,0,"OneFam"
405749,2640,0,0,3,2036,3,3,1,"OneFam"
232600,1489,0,0,3,1489,2,2,1,"OneFam"
266000,1939,0,0,3,1095,3,2,1,"OneFam"
186500,1553,0,0,3,756,2,2,0,"OneFam"
200825,1716,0,1,3,858,2,2,0,"OneFam"
197000,1576,0,0,3,770,2,2,0,"OneFam"
185000,1262,68,0,2,1262,2,2,0,"OneFam"
176000,1266,0,1,3,1257,2,2,1,"OneFam"
187750,1301,0,0,2,1293,2,2,1,"OneFam"
139500,1142,0,1,3,1142,0,1,0,"OneFam"
186800,1400,118,0,3,1400,2,2,0,"OneFam"
132000,1131,0,0,3,1131,0,1,0,"OneFam"
142500,1141,0,1,3,1141,2,1,0,"OneFam"
158000,1158,0,2,3,1158,2,1,0,"OneFam"
184000,1686,172,1,3,891,2,2,0,"OneFam"
184900,1585,96,1,3,784,2,2,0,"OneFam"
187000,1837,0,8,3,941,2,2,0,"OneFam"
175900,1603,0,14,3,761,2,2,0,"OneFam"
248500,1731,0,13,3,836,2,2,0,"OneFam"
172000,1398,0,15,2,1398,2,2,0,"TwnhsE"
151000,1217,0,15,2,1217,2,2,0,"TwnhsE"
150000,1320,0,12,3,636,2,2,0,"OneFam"
107000,1056,0,40,2,1056,1,1,0,"OneFam"
119900,965,0,41,3,828,1,1,0,"OneFam"
129500,988,51,44,3,988,2,1,0,"OneFam"
125000,1728,336,43,6,1728,2,2,0,"Duplex"
119500,1654,0,29,4,0,2,2,0,"Duplex"
144000,1211,0,4,2,864,2,1,1,"OneFam"
151000,1212,46,11,3,506,2,1,1,"OneFam"
126000,984,0,41,3,984,1,1,0,"OneFam"
116000,909,90,38,3,882,1,1,0,"OneFam"
133500,925,0,43,2,925,2,1,0,"OneFam"
120875,1024,0,41,3,1024,1,1,0,"OneFam"
137000,935,114,41,3,935,1,1,0,"OneFam"
124000,912,0,42,3,912,0,1,0,"OneFam"
135000,1236,0,12,3,912,1,1,1,"OneFam"
129200,941,0,39,3,912,1,1,1,"OneFam"
260000,2646,145,32,3,1748,2,2,4,"OneFam"
260000,2417,284,14,4,1288,2,2,1,"OneFam"
334000,2826,692,13,3,1334,3,2,3,"OneFam"
310000,2520,0,13,5,1338,3,2,1,"OneFam"
268000,2295,0,6,4,1095,2,2,1,"OneFam"
262000,1624,0,11,2,1624,3,2,1,"OneFam"
176400,1143,0,2,1,1143,2,1,1,"TwnhsE"
197000,1247,0,1,1,1247,2,1,1,"TwnhsE"
151000,1200,0,1,2,600,2,2,0,"TwnhsE"
147400,1223,0,1,2,600,2,2,0,"Twnhs"
149900,1223,0,1,2,600,2,2,0,"Twnhs"
144152,1200,0,1,2,600,2,2,0,"TwnhsE"
166000,1524,513,6,2,756,2,2,0,"TwnhsE"
183900,1452,218,7,3,691,2,2,0,"TwnhsE"
165000,1382,0,6,3,673,2,2,0,"Twnhs"
139000,1080,0,3,2,530,2,2,0,"TwnhsE"
200000,1694,0,8,3,569,1,2,1,"OneFam"
221000,1568,0,4,3,1568,2,2,1,"OneFam"
270000,1494,0,10,2,1494,2,1,1,"TwnhsE"
165000,1208,0,29,3,1208,2,1,1,"OneFam"
214000,1235,0,26,1,1235,2,1,3,"Twnhs"
188000,1036,0,26,1,1036,2,1,1,"Twnhs"
190000,1226,0,26,1,1226,2,1,1,"TwnhsE"
170000,1226,0,28,1,1226,2,1,1,"Twnhs"
385000,1842,0,19,0,1842,3,0,1,"OneFam"
146500,1193,144,34,2,1153,2,2,0,"TwoFmCon"
170000,1920,143,14,4,570,2,3,1,"OneFam"
262500,2156,0,3,3,1568,2,2,1,"OneFam"
179900,1416,420,38,3,708,2,2,1,"OneFam"
250000,2654,220,22,4,1054,2,2,1,"OneFam"
165150,1790,288,34,4,732,2,1,1,"OneFam"
164500,1334,264,39,3,1334,2,2,0,"OneFam"
140000,1164,168,37,3,1164,2,1,0,"OneFam"
135500,980,0,39,3,980,1,2,0,"OneFam"
142000,1051,0,38,3,1051,2,1,0,"OneFam"
155000,1770,300,38,4,900,2,1,0,"OneFam"
157500,976,203,2,2,976,2,1,1,"OneFam"
138500,1052,168,38,3,1052,1,1,0,"OneFam"
140000,898,0,38,3,833,1,1,0,"OneFam"
124400,1051,0,40,3,1051,1,1,0,"OneFam"
158000,1141,140,39,3,1141,1,1,0,"OneFam"
146000,1200,166,8,1,864,2,1,0,"OneFam"
190000,1993,252,35,4,825,2,2,1,"OneFam"
136500,1050,0,45,3,1050,1,1,0,"OneFam"
129900,864,0,48,3,864,2,1,0,"OneFam"
145000,1712,122,1,4,1626,2,2,0,"Duplex"
185900,1565,0,6,3,1187,1,2,2,"TwoFmCon"
160000,1251,425,42,3,1251,1,1,2,"OneFam"
167000,1488,112,42,3,1008,2,1,1,"OneFam"
157500,1440,0,42,4,720,2,1,1,"OneFam"
140000,1095,105,48,2,588,1,1,0,"TwoFmCon"
150000,1053,85,15,3,1008,2,1,0,"OneFam"
151500,1248,88,46,3,1248,1,1,0,"OneFam"
129800,816,0,56,2,816,1,1,1,"OneFam"
137000,1008,0,52,2,1008,1,1,1,"OneFam"
137000,1043,0,56,2,938,1,1,1,"OneFam"
121600,1230,0,56,3,747,1,1,0,"OneFam"
85500,869,0,48,2,440,0,1,0,"OneFam"
79900,747,108,53,1,600,2,1,0,"OneFam"
127000,1252,0,15,3,504,2,1,0,"OneFam"
161000,1433,0,16,3,1251,2,1,1,"OneFam"
146500,1624,150,54,2,1444,1,1,1,"OneFam"
135000,1216,144,55,3,1056,1,1,0,"OneFam"
137900,2136,44,55,4,2136,2,2,0,"OneFam"
133000,1578,0,56,3,806,1,1,2,"OneFam"
137000,1728,0,33,3,704,1,1,1,"OneFam"
121000,936,0,31,2,936,1,1,0,"OneFam"
119000,1584,0,39,4,1584,2,2,0,"Duplex"
172000,1246,0,42,3,1246,2,1,2,"OneFam"
98600,1235,203,45,2,1235,2,1,0,"OneFam"
226000,2157,309,40,4,924,2,2,2,"OneFam"
118000,1128,0,52,2,936,1,1,0,"OneFam"
235000,3112,0,16,4,1360,2,2,1,"OneFam"
135000,1008,332,43,2,1008,2,1,0,"OneFam"
132500,1190,120,44,3,1106,2,1,0,"Duplex"
143000,1144,128,47,3,1144,1,1,1,"OneFam"
132000,1364,0,49,3,1179,1,1,1,"OneFam"
145250,1383,175,46,3,1383,1,1,0,"OneFam"
162000,1336,632,48,3,1121,2,1,1,"OneFam"
148000,1370,272,50,3,1058,1,1,1,"OneFam"
141000,1092,0,49,2,1092,1,1,1,"OneFam"
153000,1124,0,12,3,1124,1,1,1,"OneFam"
134450,1236,64,10,2,1070,1,1,1,"OneFam"
135960,943,0,27,2,943,2,1,2,"Duplex"
156000,1050,176,6,3,1050,1,1,0,"OneFam"
140000,1375,0,52,2,1367,2,1,1,"OneFam"
139500,1008,0,3,2,1008,1,1,0,"OneFam"
155000,1575,522,55,2,216,2,1,1,"OneFam"
127000,1145,0,50,3,301,2,1,0,"OneFam"
133500,1005,0,50,2,1005,1,1,1,"OneFam"
125000,1056,0,51,3,1056,1,1,0,"OneFam"
142000,884,0,15,2,884,1,1,0,"OneFam"
167000,2039,0,43,3,929,3,1,3,"OneFam"
159000,1384,0,5,2,1015,2,1,0,"OneFam"
180000,2640,0,31,5,2171,3,2,1,"TwoFmCon"
127000,1312,0,56,3,784,2,1,0,"OneFam"
112000,1310,0,56,2,617,1,2,0,"OneFam"
99800,713,0,5,2,713,1,1,0,"OneFam"
117000,833,0,6,2,833,1,1,0,"OneFam"
108480,1073,0,38,2,1073,1,1,0,"OneFam"
68000,715,0,56,2,715,2,1,0,"OneFam"
86900,720,0,8,1,448,1,1,0,"OneFam"
120000,1130,0,56,2,1120,2,1,1,"OneFam"
155500,1595,0,56,3,663,2,2,1,"OneFam"
80000,1760,0,56,4,1077,2,1,1,"OneFam"
105000,1214,0,56,3,672,3,1,0,"OneFam"
160000,2414,0,36,3,954,2,2,1,"TwoFmCon"
170000,1466,0,17,3,796,2,2,1,"OneFam"
160000,1324,101,41,3,1088,2,2,1,"OneFam"
159950,1086,1047,40,3,1024,2,1,1,"OneFam"
165000,1146,379,43,3,1083,1,1,1,"OneFam"
159000,1734,0,25,3,912,2,1,1,"OneFam"
147000,1207,161,21,3,1135,1,1,0,"OneFam"
115000,912,0,42,2,912,1,1,0,"OneFam"
159500,1194,0,47,3,655,2,1,1,"OneFam"
120000,864,207,47,2,864,1,1,0,"OneFam"
129900,816,0,49,2,816,1,1,0,"OneFam"
183000,1773,104,14,3,1313,2,2,2,"OneFam"
157500,1472,58,47,2,0,2,2,1,"OneFam"
277500,2448,0,8,3,1438,2,3,2,"OneFam"
207500,1600,0,9,2,1484,1,1,2,"OneFam"
147500,1521,0,56,3,910,1,1,0,"OneFam"
135000,1192,0,56,4,720,0,1,0,"OneFam"
109500,1040,0,56,2,0,2,1,0,"OneFam"
109900,1040,0,56,2,0,2,1,0,"OneFam"
133700,1040,0,47,3,1040,1,1,0,"OneFam"
81400,1040,0,56,2,0,2,2,0,"Duplex"
87500,1040,340,56,2,0,2,2,0,"Duplex"
93500,1040,0,56,2,0,2,2,0,"Duplex"
119000,1556,0,46,4,1556,0,2,0,"Duplex"
141000,1150,0,47,3,1150,1,1,0,"OneFam"
146000,1150,0,45,3,1150,1,1,0,"OneFam"
155000,1348,266,40,3,660,2,1,1,"OneFam"
134500,999,0,44,3,925,1,1,0,"OneFam"
120000,1045,0,44,3,1045,2,1,0,"OneFam"
105000,864,0,44,3,864,1,1,0,"OneFam"
124000,1025,0,44,3,1025,0,1,0,"TwoFmCon"
169000,2014,0,1,5,716,2,2,0,"OneFam"
107000,1328,0,56,3,686,1,1,0,"OneFam"
135000,1668,264,56,3,1212,1,1,0,"OneFam"
111500,1657,0,26,4,1147,1,1,1,"OneFam"
156500,1416,0,2,3,780,2,1,0,"OneFam"
178000,1641,0,16,3,728,2,1,1,"OneFam"
139900,1428,0,36,4,712,2,1,0,"OneFam"
105000,1004,0,56,2,502,1,1,1,"OneFam"
110000,813,0,1,2,813,1,1,0,"OneFam"
111500,1951,0,56,4,938,2,2,0,"TwoFmCon"
108000,1032,0,56,2,1032,1,1,0,"OneFam"
111500,844,0,56,2,844,1,1,0,"OneFam"
124000,1750,0,15,3,636,1,1,0,"OneFam"
105000,864,0,56,2,576,1,1,0,"OneFam"
116000,1118,0,56,2,648,2,1,0,"OneFam"
96900,1376,0,56,2,738,1,1,0,"OneFam"
135500,960,0,51,3,960,2,1,0,"TwoFmCon"
139000,1566,145,56,5,816,2,1,0,"OneFam"
61500,492,0,56,1,492,1,1,0,"OneFam"
120000,1182,0,56,3,770,1,1,0,"OneFam"
126175,1163,0,1,3,1162,1,1,0,"OneFam"
64000,840,0,56,2,798,1,1,0,"OneFam"
137000,1928,0,56,4,1020,1,2,0,"TwoFmCon"
87000,1774,0,56,4,1095,3,2,0,"OneFam"
163000,1768,0,36,2,880,2,1,2,"OneFam"
155000,2104,0,1,5,1226,2,2,0,"OneFam"
79000,1440,0,56,3,540,1,1,0,"OneFam"
144000,1690,0,56,3,815,1,1,1,"OneFam"
114504,1368,0,13,3,684,1,1,0,"OneFam"
157000,1762,0,56,4,596,2,1,0,"OneFam"
125000,1200,0,56,4,1200,1,1,0,"OneFam"
475000,3608,0,13,4,1107,3,2,2,"OneFam"
93500,1248,0,56,2,624,0,2,0,"Duplex"
125000,960,0,48,3,960,2,1,0,"OneFam"
64500,1020,0,56,2,1020,0,1,0,"OneFam"
100000,788,0,56,2,788,0,1,2,"OneFam"
140200,1577,0,56,3,972,1,1,1,"OneFam"
202500,1827,0,10,2,848,1,1,1,"OneFam"
159000,1664,0,56,3,1004,2,2,2,"OneFam"
119900,1118,0,56,3,793,2,1,1,"TwoFmCon"
114500,1176,0,56,3,816,2,1,1,"OneFam"
115000,1344,0,56,3,896,1,1,0,"OneFam"
75000,1162,0,56,3,728,1,1,0,"OneFam"
88000,1015,0,56,3,768,1,1,0,"OneFam"
80500,912,0,56,2,0,0,1,0,"OneFam"
149000,1576,0,56,3,1042,1,1,1,"OneFam"
110000,1324,0,22,3,741,1,1,0,"OneFam"
110500,1103,0,26,2,1103,2,1,1,"OneFam"
89000,616,0,56,2,616,1,1,0,"OneFam"
113000,1048,0,56,2,993,1,1,1,"OneFam"
109000,816,0,56,2,816,1,1,0,"OneFam"
220000,2486,0,44,5,1595,2,2,1,"OneFam"
129000,960,160,36,3,960,2,1,0,"TwoFmCon"
117000,1635,0,3,2,485,1,1,0,"OneFam"
52500,693,0,56,2,693,0,1,0,"OneFam"
107000,1430,0,56,3,596,2,2,0,"OneFam"
116500,1330,0,2,3,396,1,1,0,"OneFam"
72000,819,0,56,2,610,0,1,0,"OneFam"
119500,1376,0,56,3,780,1,2,1,"OneFam"
125500,1360,0,11,2,803,1,1,0,"OneFam"
91000,1077,0,56,3,1007,1,1,1,"OneFam"
84500,754,0,24,2,520,0,1,0,"TwoFmCon"
90000,984,0,56,3,984,1,1,0,"OneFam"
137500,1422,41,55,3,806,1,1,1,"OneFam"
150000,1921,0,42,4,1921,2,2,0,"Duplex"
131000,1640,0,56,3,0,2,1,1,"OneFam"
130000,1352,120,48,3,1062,1,1,0,"OneFam"
125000,1032,0,56,2,0,1,1,1,"OneFam"
80000,879,0,56,2,830,1,1,0,"OneFam"
157000,1073,0,2,2,1073,1,2,0,"OneFam"
148000,1382,51,27,3,1051,2,1,1,"OneFam"
90000,1296,0,39,2,0,2,2,0,"Duplex"
154500,1068,0,3,3,1059,1,1,0,"OneFam"
153600,1064,305,39,3,1064,2,1,1,"OneFam"
164500,1320,97,40,3,1164,2,1,2,"OneFam"
132000,934,0,42,2,912,1,1,0,"OneFam"
142500,1059,0,40,3,1059,1,1,0,"OneFam"
158000,1159,188,38,3,1051,1,1,1,"OneFam"
149500,1400,203,28,3,672,2,1,1,"OneFam"
165000,1458,450,39,3,1176,2,1,1,"OneFam"
180000,1721,0,13,3,1461,2,2,1,"OneFam"
160500,1040,200,28,3,960,2,1,1,"OneFam"
156500,1967,0,29,6,1967,2,2,0,"Duplex"
157000,1949,99,29,6,1949,2,2,0,"Duplex"
172500,1920,0,48,4,1052,2,2,1,"OneFam"
155000,1803,67,6,3,1134,2,2,1,"OneFam"
170000,1779,0,32,3,1763,2,1,1,"OneFam"
105000,872,65,56,2,872,1,1,1,"OneFam"
145000,960,0,5,0,648,1,0,0,"OneFam"
168000,1437,0,19,3,1188,2,1,1,"OneFam"
278000,1830,123,39,2,1865,2,1,2,"OneFam"
164000,1000,0,43,1,1000,2,1,2,"OneFam"
225000,2287,0,53,3,1304,2,2,1,"OneFam"
130000,810,153,34,2,782,2,1,0,"OneFam"
142500,894,0,32,3,864,2,1,1,"OneFam"
148400,1700,0,25,2,430,1,2,0,"Twnhs"
190000,1453,0,20,2,1453,2,1,1,"OneFam"
146000,1350,0,52,3,967,2,1,1,"OneFam"
128000,1150,0,56,3,799,1,1,2,"OneFam"
225000,2008,0,4,3,896,1,3,0,"OneFam"
274970,2201,0,40,4,697,2,2,1,"OneFam"
235000,2009,0,56,4,672,3,2,2,"OneFam"
415000,3672,0,16,5,1836,2,3,2,"OneFam"
182000,1560,96,44,3,1776,2,2,1,"OneFam"
135000,1488,232,4,3,0,2,1,1,"OneFam"
137000,1057,164,7,3,1057,1,1,0,"OneFam"
136900,1855,0,34,4,994,1,2,0,"OneFam"
149900,1609,0,53,5,1000,1,1,0,"OneFam"
123500,1148,0,54,2,980,1,1,0,"OneFam"
93000,1124,0,52,3,0,0,1,1,"OneFam"
91500,1456,0,56,4,810,1,1,1,"OneFam"
180000,1298,85,21,3,1298,2,2,1,"OneFam"
209000,2559,232,17,4,868,2,2,1,"OneFam"
215000,1911,125,12,3,777,2,2,1,"OneFam"
224500,1440,0,13,2,1344,4,2,0,"Duplex"
229800,1876,0,0,3,1308,3,2,0,"OneFam"
183600,1208,0,1,2,1208,2,2,0,"OneFam"
194000,1220,84,0,2,1199,2,2,0,"OneFam"
193879,1294,0,0,2,1286,2,2,1,"OneFam"
221500,1614,240,0,3,1614,3,2,0,"OneFam"
204900,1498,0,0,2,1498,2,2,0,"OneFam"
239799,1962,0,0,3,1391,3,2,0,"OneFam"
233555,1846,0,0,3,1836,2,2,1,"OneFam"
260000,1734,0,1,3,1734,2,2,0,"OneFam"
294900,1590,198,0,2,1570,3,2,0,"OneFam"
209700,1809,0,0,3,945,2,2,0,"OneFam"
225000,1614,140,1,3,1614,2,2,1,"OneFam"
181000,1596,532,1,3,784,2,2,0,"OneFam"
220000,1915,0,14,3,908,2,2,1,"OneFam"
190000,1582,621,42,4,1624,2,2,0,"OneFam"
180000,988,0,37,1,938,2,1,2,"OneFam"
280000,1533,0,31,2,1533,2,2,2,"OneFam"
158900,1388,0,38,3,1388,2,2,1,"OneFam"
148000,914,0,10,2,870,2,1,0,"OneFam"
145000,1100,0,10,3,1100,2,1,0,"OneFam"
187000,1499,68,11,3,781,2,2,1,"OneFam"
193000,1425,0,8,3,1425,2,2,0,"OneFam"
156000,990,0,11,3,990,2,1,0,"OneFam"
235000,1525,244,6,3,1525,2,2,0,"OneFam"
217000,1494,0,9,3,1479,2,2,0,"OneFam"
214000,1588,183,7,3,1588,2,2,0,"OneFam"
196000,1749,0,7,3,842,2,2,0,"OneFam"
217000,1779,0,6,3,951,2,2,1,"OneFam"
200000,1861,0,4,3,916,2,2,0,"OneFam"
192500,1776,144,4,3,936,2,2,1,"OneFam"
205000,1541,150,4,3,1541,3,2,1,"OneFam"
132500,954,0,30,3,911,2,1,0,"OneFam"
157500,1388,62,29,3,675,1,1,0,"OneFam"
174000,1282,123,28,3,995,3,2,0,"OneFam"
128500,971,0,37,3,971,1,1,1,"OneFam"
128500,864,0,34,3,864,1,1,0,"OneFam"
149900,894,0,34,3,894,2,1,0,"OneFam"
119900,864,0,34,3,864,1,1,0,"OneFam"
137000,1320,0,12,3,630,2,2,0,"Twnhs"
255000,1989,210,4,3,1065,2,2,1,"OneFam"
222000,1762,199,4,3,826,2,2,0,"OneFam"
214000,1755,148,7,3,840,2,2,1,"OneFam"
220000,1358,0,4,1,1348,2,1,1,"OneFam"
275000,1787,178,4,3,1753,3,2,1,"OneFam"
197000,1909,0,4,4,872,2,2,0,"OneFam"
230000,1654,295,4,3,1654,3,2,0,"OneFam"
268500,2214,261,7,3,1090,3,2,1,"OneFam"
210900,2049,0,9,4,1065,2,2,1,"OneFam"
227000,1939,227,8,3,1054,3,2,1,"OneFam"
237000,1995,0,10,4,930,2,2,1,"OneFam"
274300,2097,0,8,3,1108,2,2,1,"OneFam"
216837,1836,0,1,3,1860,2,2,1,"OneFam"
133000,848,170,3,1,848,2,1,0,"TwnhsE"
155900,848,169,2,1,848,2,1,1,"TwnhsE"
233230,1919,0,0,3,1079,2,2,1,"OneFam"
207000,1390,0,3,3,1390,2,2,0,"OneFam"
195000,1948,0,1,4,847,2,2,1,"OneFam"
200000,1700,120,3,3,1682,2,2,0,"OneFam"
203160,1737,0,0,3,851,2,2,0,"OneFam"
195800,1611,0,1,3,784,2,2,0,"OneFam"
212900,1552,196,0,3,1552,3,2,0,"OneFam"
196500,1720,0,2,3,860,2,2,0,"OneFam"
198000,1336,0,0,3,1336,2,2,0,"OneFam"
173900,1500,0,0,3,750,2,2,0,"OneFam"
163990,1456,0,0,3,728,2,2,1,"OneFam"
164990,1310,0,1,3,1310,2,2,1,"OneFam"
98000,1436,0,6,3,676,2,2,0,"OneFam"
149900,1466,132,47,3,1466,2,1,2,"OneFam"
102000,1220,0,55,2,836,2,1,0,"OneFam"
127500,1012,355,31,4,976,0,2,0,"Duplex"
127500,980,250,31,4,945,0,2,0,"Duplex"
119900,1176,0,37,2,1176,1,1,0,"OneFam"
196500,1724,190,2,3,796,2,2,1,"OneFam"
117250,914,0,4,2,914,0,1,0,"OneFam"
229000,2314,0,1,3,1150,2,2,1,"OneFam"
145000,1072,80,1,2,547,2,1,0,"TwnhsE"
140000,1072,82,0,2,547,2,2,0,"TwnhsE"
142500,1072,82,0,2,547,2,1,0,"TwnhsE"
134000,1709,50,2,3,970,2,2,0,"Twnhs"
130000,1709,50,2,3,970,2,2,0,"Twnhs"
130000,1709,50,0,3,970,2,2,0,"Twnhs"
137500,1709,50,2,3,970,2,2,0,"Twnhs"
130000,1708,117,2,3,976,2,2,0,"TwnhsE"
97900,936,0,56,3,624,1,1,0,"OneFam"
92000,1338,0,56,3,832,2,2,0,"OneFam"
107000,1669,0,56,4,1093,1,1,0,"OneFam"
81000,1184,0,10,5,658,0,1,0,"OneFam"
104900,1221,0,56,4,784,1,1,0,"OneFam"
115000,864,0,16,2,864,2,1,0,"OneFam"
125000,1482,60,38,3,954,2,2,1,"OneFam"
116000,1250,0,56,3,686,1,1,0,"OneFam"
83000,1414,0,56,3,864,0,1,1,"OneFam"
118500,2230,0,56,5,795,1,1,0,"OneFam"
35000,498,0,51,1,498,1,1,0,"OneFam"
121000,1273,0,13,3,616,1,1,0,"OneFam"
160000,1928,0,11,5,686,0,2,0,"TwoFmCon"
140000,1595,0,6,2,940,1,1,2,"OneFam"
137000,1551,0,56,3,1058,1,2,0,"OneFam"
128000,1340,0,56,3,780,1,1,0,"TwoFmCon"
160000,1479,0,9,3,624,1,1,2,"OneFam"
138887,1784,0,56,4,747,1,1,0,"OneFam"
149000,1510,0,56,3,755,1,1,0,"OneFam"
102000,1522,0,56,4,1008,0,2,0,"OneFam"
167000,1636,0,56,4,818,1,1,1,"OneFam"
200100,1802,0,56,4,793,1,1,1,"OneFam"
131000,1465,0,56,3,992,1,2,2,"OneFam"
112000,1288,0,56,4,824,1,1,0,"OneFam"
140000,1717,0,36,3,756,3,1,1,"OneFam"
195000,1550,0,56,3,817,1,1,1,"OneFam"
230000,1517,0,56,3,792,2,1,2,"OneFam"
194000,1717,0,56,2,901,1,1,1,"OneFam"
137500,1180,0,56,2,700,1,1,1,"OneFam"
250000,2057,0,19,3,1017,1,1,1,"OneFam"
218000,1671,270,56,4,1022,2,2,1,"OneFam"
239000,2345,0,56,4,952,2,2,1,"OneFam"
199500,1609,0,16,3,637,3,1,2,"OneFam"
210000,1801,0,47,3,697,2,1,1,"OneFam"
230000,1811,0,2,2,1073,2,1,1,"OneFam"
217500,1647,459,29,3,1430,2,2,1,"OneFam"
257000,2315,405,43,4,1168,1,2,3,"OneFam"
157000,1336,56,53,2,1165,1,1,2,"TwoFmCon"
223000,1844,312,37,3,1844,2,2,1,"OneFam"
102000,976,0,56,2,976,1,1,0,"OneFam"
145400,1285,0,56,3,861,2,1,0,"OneFam"
72000,672,0,56,2,432,0,1,0,"OneFam"
85000,641,0,56,2,641,1,1,0,"OneFam"
106500,951,0,56,2,951,1,1,0,"OneFam"
139000,1638,327,49,4,967,1,2,0,"OneFam"
108000,1336,0,56,3,637,1,1,0,"OneFam"
51689,729,0,56,2,0,0,1,0,"OneFam"
35311,480,0,56,1,480,1,0,0,"OneFam"
115000,1396,0,55,4,660,0,2,0,"TwoFmCon"
78000,936,0,56,2,216,0,1,0,"OneFam"
375000,1778,473,0,2,1573,2,2,1,"TwnhsE"
300000,1646,186,1,2,1594,2,2,1,"TwnhsE"
242500,1625,0,27,3,1625,2,2,1,"OneFam"
145000,1664,0,28,4,1664,2,2,0,"Duplex"
209000,1491,0,5,3,1491,2,2,0,"OneFam"
135000,1004,90,29,2,975,2,1,0,"Duplex"
148000,1210,257,31,3,1128,2,2,0,"OneFam"
171000,1959,70,17,5,1907,3,3,0,"Duplex"
335000,2519,293,16,4,1210,2,2,2,"OneFam"
230000,1295,0,20,2,0,1,2,0,"TwnhsE"
250764,1650,0,48,2,1632,2,1,2,"OneFam"
228000,1707,653,25,2,1686,2,2,1,"OneFam"
176000,1137,72,19,2,1112,2,2,1,"OneFam"
180000,1339,54,16,2,1309,2,2,1,"OneFam"
250000,2514,0,15,4,1216,2,2,0,"OneFam"
202000,1403,0,6,2,1381,2,2,0,"OneFam"
312500,1800,630,4,3,1800,3,2,1,"OneFam"
320000,1960,198,0,3,1728,3,2,2,"OneFam"
369900,2028,208,0,2,1868,3,2,2,"OneFam"
359900,1838,382,0,3,1838,3,2,1,"OneFam"
81500,1600,0,55,3,0,1,1,0,"OneFam"
215000,1368,200,9,2,1288,4,2,0,"Duplex"
164000,1216,116,8,2,1216,2,2,0,"Twnhs"
153500,1337,443,8,2,1237,2,2,0,"TwnhsE"
84500,1140,0,0,3,1140,0,1,0,"OneFam"
104500,1304,0,29,3,264,1,1,1,"TwnhsE"
127000,1475,0,29,4,757,1,2,1,"TwnhsE"
151400,2521,0,33,5,942,2,2,1,"TwnhsE"
126500,874,0,3,3,864,1,1,0,"OneFam"
146500,1652,0,36,4,1652,3,2,0,"Duplex"
73000,630,0,36,1,630,0,1,0,"Twnhs"
79400,1092,0,34,3,546,1,1,0,"TwnhsE"
140000,1360,194,27,3,1104,1,1,1,"OneFam"
92000,630,0,36,1,630,0,1,0,"Twnhs"
87550,1092,0,36,3,546,1,1,0,"Twnhs"
79500,1092,0,36,3,546,0,1,0,"Twnhs"
90500,1092,0,36,3,546,0,1,0,"Twnhs"
71000,1092,0,36,3,546,1,1,0,"TwnhsE"
150900,1728,0,30,4,1728,2,2,0,"Duplex"
188000,1728,0,30,4,1728,2,2,0,"Duplex"
160000,1126,0,29,3,1126,2,2,1,"OneFam"
131000,1224,0,10,4,1224,2,1,1,"OneFam"
142500,1003,0,22,3,1003,2,1,0,"OneFam"
131000,902,0,23,2,864,2,1,0,"OneFam"
132000,970,0,14,3,912,0,1,0,"OneFam"
170000,1389,0,31,2,1389,2,1,1,"OneFam"
188000,2000,94,12,3,996,3,2,1,"OneFam"
